ID,Departamento,Cargo,TempoEmpresa,SalarioBase,BonusAnual,Idade,Genero,Escolaridade,EstadoCivil,Dependentes,CargaHorariaSemanal,DistanciaTrabalho_km,IdiomasFalados,FeriasAcumuladas_dias,PossuiPlanoSaude
1,RH,Assistente,4,5381.03,2864.91,26,Outro,Mestrado,Divorciado,3,44,28.5,1,48,1
2,Financeiro,Gerente,16,7387.02,8118.52,33,Outro,Mestrado,Casado,2,36,42.3,2,58,0
3,TI,Gerente,5,7508.0,7102.62,26,Masculino,Graduação,Viúvo,2,44,48.2,3,3,1
4,TI,Analista,18,5591.39,6700.78,30,Masculino,Doutorado,Viúvo,3,40,35.7,3,49,1
5,Financeiro,Coordenador,2,6337.89,4434.16,20,Feminino,Mestrado,Casado,3,30,12.9,4,11,1
6,TI,Coordenador,10,5926.68,5869.2,30,Outro,Mestrado,Divorciado,1,44,44.1,3,54,0
7,Financeiro,Analista,16,6963.51,6126.73,46,Masculino,Graduação,Casado,4,30,33.7,2,26,1
8,Operações,Gerente,15,7395.04,9830.72,43,Masculino,Graduação,Casado,3,30,3.3,2,57,1
9,TI,Coordenador,6,6868.5,4629.26,42,Outro,Pós-graduação,Divorciado,1,36,40.0,3,13,1
10,Vendas,Coordenador,20,6866.81,8798.57,27,Outro,Mestrado,Solteiro,2,36,6.4,3,59,0
11,Marketing,Analista,8,5498.16,4198.6,55,Masculino,Graduação,Casado,3,30,35.9,3,26,0
12,Vendas,Assistente,15,4681.81,5198.72,30,Feminino,Graduação,Divorciado,4,40,9.6,2,25,0
13,Operações,Coordenador,7,7107.08,6031.86,31,Masculino,Ensino Médio,Viúvo,1,44,7.6,4,23,0
14,TI,Coordenador,2,7350.32,4497.62,30,Outro,Mestrado,Viúvo,0,36,42.8,4,49,0
15,RH,Assistente,13,4587.4,4832.81,23,Masculino,Graduação,Divorciado,3,36,3.6,3,13,0
16,Marketing,Analista,17,6135.99,5724.26,39,Feminino,Doutorado,Divorciado,2,40,10.0,1,40,0
17,Financeiro,Coordenador,4,6575.18,4773.03,46,Masculino,Pós-graduação,Divorciado,2,44,38.8,2,22,1
18,Financeiro,Analista,9,5972.44,4906.13,58,Outro,Pós-graduação,Solteiro,0,40,10.8,3,23,1
19,Vendas,Assistente,17,4585.22,6078.91,22,Masculino,Mestrado,Viúvo,3,36,37.9,1,36,0
20,Vendas,Analista,9,6548.39,5320.63,26,Masculino,Graduação,Casado,2,40,12.0,2,10,1
21,Operações,Gerente,20,6593.49,10247.69,18,Masculino,Mestrado,Viúvo,0,44,1.8,3,59,1
22,Operações,Coordenador,14,7326.2,6470.7,46,Masculino,Pós-graduação,Viúvo,1,44,11.4,2,18,1
23,RH,Gerente,5,7294.58,6764.99,28,Feminino,Doutorado,Solteiro,0,44,6.1,1,14,0
24,TI,Coordenador,2,6941.22,4432.22,37,Masculino,Mestrado,Solteiro,0,30,3.2,1,36,0
25,Financeiro,Gerente,10,6660.22,8367.95,52,Feminino,Mestrado,Viúvo,2,30,31.9,1,59,0
26,Financeiro,Assistente,19,4980.4,5549.16,29,Masculino,Mestrado,Solteiro,3,44,44.2,1,30,0
27,Financeiro,Coordenador,20,6266.72,6687.56,29,Feminino,Mestrado,Casado,3,36,2.6,3,8,0
28,TI,Coordenador,18,6248.49,5816.47,59,Outro,Pós-graduação,Solteiro,3,40,34.5,3,54,1
29,Operações,Gerente,6,7712.65,7487.87,65,Outro,Mestrado,Solteiro,0,30,4.9,3,0,0
30,Financeiro,Coordenador,3,5651.03,4343.67,58,Outro,Mestrado,Divorciado,3,36,17.8,1,57,0
31,TI,Analista,15,6570.98,4601.01,31,Feminino,Doutorado,Solteiro,2,30,10.4,4,19,0
32,Operações,Analista,8,5891.69,4909.82,60,Outro,Ensino Médio,Casado,1,40,18.4,4,55,0
33,Financeiro,Analista,0,5661.88,3000.0,18,Masculino,Graduação,Viúvo,5,44,15.2,1,57,0
34,Marketing,Coordenador,5,6299.53,5331.67,24,Masculino,Mestrado,Viúvo,5,30,45.4,4,7,0
35,Operações,Gerente,19,8199.95,8679.11,29,Outro,Mestrado,Viúvo,1,30,46.7,4,43,0
36,Operações,Analista,16,5751.07,7385.0,58,Outro,Ensino Médio,Solteiro,5,36,20.7,4,9,1
37,Operações,Analista,20,6396.89,5116.06,19,Outro,Mestrado,Solteiro,2,36,47.7,3,34,0
38,TI,Analista,3,4989.74,3527.98,42,Masculino,Ensino Médio,Casado,5,44,44.6,3,53,0
39,Vendas,Analista,7,6161.0,4200.63,40,Masculino,Pós-graduação,Casado,1,30,30.4,3,7,0
40,Financeiro,Coordenador,8,7165.83,6139.19,27,Feminino,Graduação,Divorciado,5,36,26.8,2,50,1
41,TI,Assistente,6,4184.84,2755.24,42,Outro,Pós-graduação,Casado,3,30,48.6,4,1,1
42,Financeiro,Assistente,8,5181.64,3812.04,22,Outro,Ensino Médio,Viúvo,4,36,4.7,3,55,0
43,Operações,Coordenador,4,6287.06,5123.5,30,Outro,Pós-graduação,Viúvo,2,40,7.3,3,49,0
44,Marketing,Coordenador,9,6498.6,6390.8,33,Feminino,Pós-graduação,Divorciado,2,30,7.6,3,20,1
45,Financeiro,Assistente,7,4708.32,2828.94,24,Feminino,Pós-graduação,Casado,0,40,25.8,1,2,1
46,RH,Coordenador,0,6212.8,4000.0,47,Masculino,Ensino Médio,Divorciado,1,40,34.6,3,26,0
47,RH,Assistente,7,5055.38,3565.28,43,Feminino,Pós-graduação,Solteiro,0,30,44.2,2,32,1
48,RH,Assistente,15,4189.09,4258.69,18,Masculino,Pós-graduação,Solteiro,0,40,19.2,3,4,1
49,TI,Gerente,8,7772.84,7583.7,39,Feminino,Mestrado,Casado,0,30,14.9,2,20,0
50,Vendas,Coordenador,10,6058.33,5136.35,62,Outro,Ensino Médio,Casado,1,44,12.5,1,59,0
51,Operações,Coordenador,15,7572.64,6941.49,19,Feminino,Mestrado,Viúvo,0,30,45.9,1,18,1
52,Vendas,Coordenador,15,6370.39,8316.27,48,Outro,Graduação,Solteiro,5,40,12.2,1,24,1
53,TI,Analista,5,6054.26,3656.32,52,Feminino,Mestrado,Divorciado,0,36,44.1,3,0,0
54,RH,Analista,2,5610.7,3516.9,65,Outro,Pós-graduação,Solteiro,3,40,42.7,4,28,0
55,Marketing,Analista,3,6166.14,3787.47,32,Outro,Ensino Médio,Divorciado,4,44,6.4,4,58,0
56,TI,Analista,18,5568.66,5917.08,47,Feminino,Graduação,Divorciado,5,30,20.1,4,59,0
57,Marketing,Coordenador,1,6737.62,4202.95,32,Outro,Mestrado,Solteiro,2,40,34.6,4,8,0
58,TI,Gerente,14,7069.93,9364.4,26,Feminino,Ensino Médio,Casado,4,30,48.4,4,28,0
59,Marketing,Coordenador,20,6332.22,9885.15,46,Masculino,Pós-graduação,Divorciado,2,40,2.7,2,30,0
60,Marketing,Gerente,7,8066.96,8006.53,53,Masculino,Mestrado,Casado,0,40,43.0,3,56,0
61,Marketing,Gerente,14,7076.63,8656.32,27,Masculino,Pós-graduação,Viúvo,2,40,24.7,1,30,0
62,RH,Analista,2,6029.67,3359.11,59,Outro,Graduação,Divorciado,3,30,9.9,3,6,0
63,RH,Coordenador,15,6436.43,8179.68,35,Feminino,Mestrado,Viúvo,1,36,7.0,2,2,1
64,TI,Coordenador,6,5848.68,4815.95,38,Feminino,Graduação,Solteiro,2,40,43.8,4,9,1
65,Vendas,Assistente,2,4885.45,2268.37,35,Feminino,Pós-graduação,Viúvo,0,40,35.0,4,34,1
66,Operações,Assistente,6,5248.2,3562.51,35,Feminino,Graduação,Solteiro,1,36,46.7,2,24,0
67,Financeiro,Gerente,3,7664.02,6583.64,58,Outro,Pós-graduação,Viúvo,1,44,40.3,1,0,0
68,Operações,Gerente,4,7799.08,6700.92,62,Outro,Ensino Médio,Casado,5,40,39.1,4,55,0
69,RH,Assistente,1,4795.2,2174.79,31,Feminino,Ensino Médio,Divorciado,4,30,23.6,4,17,0
70,RH,Assistente,8,5115.66,3581.96,65,Feminino,Graduação,Viúvo,5,40,34.6,1,8,0
71,Marketing,Gerente,11,7090.53,7501.96,29,Masculino,Mestrado,Viúvo,0,44,49.2,2,48,0
72,Vendas,Analista,13,6064.14,4940.19,40,Outro,Mestrado,Divorciado,0,36,16.6,4,3,0
73,Vendas,Gerente,10,8278.18,7912.87,18,Masculino,Mestrado,Divorciado,2,30,29.4,2,19,0
74,Operações,Assistente,8,4022.2,3195.28,25,Outro,Graduação,Solteiro,0,30,49.7,3,28,1
75,TI,Gerente,12,6739.06,9488.98,60,Feminino,Pós-graduação,Viúvo,2,40,14.8,3,36,1
76,RH,Gerente,19,7435.88,9508.06,25,Feminino,Doutorado,Solteiro,5,44,25.5,2,27,0
77,Financeiro,Coordenador,9,6483.23,6267.92,22,Feminino,Ensino Médio,Casado,5,44,38.9,3,17,0
78,Operações,Analista,14,5638.14,6542.39,36,Feminino,Doutorado,Casado,3,36,36.1,1,16,0
79,RH,Assistente,19,4519.54,5908.52,62,Outro,Ensino Médio,Divorciado,4,44,13.5,3,58,1
80,Vendas,Assistente,7,4874.98,3390.2,62,Feminino,Pós-graduação,Viúvo,5,44,42.8,3,51,0
81,Operações,Coordenador,13,6824.28,5416.21,21,Feminino,Pós-graduação,Viúvo,3,44,46.3,3,52,1
82,Vendas,Assistente,9,4750.94,4048.65,43,Masculino,Ensino Médio,Divorciado,2,40,7.0,1,36,1
83,RH,Gerente,19,7456.54,11074.79,34,Outro,Ensino Médio,Viúvo,0,36,19.4,3,4,0
84,Vendas,Coordenador,2,7017.86,4364.02,23,Feminino,Pós-graduação,Casado,4,30,29.9,3,46,0
85,TI,Coordenador,2,6551.13,4526.93,26,Masculino,Pós-graduação,Solteiro,1,44,44.9,3,35,0
86,TI,Coordenador,18,7029.02,7758.32,54,Outro,Graduação,Divorciado,4,30,33.6,1,56,1
87,Vendas,Analista,7,6223.81,4733.5,47,Feminino,Ensino Médio,Viúvo,0,44,44.8,1,17,1
88,Marketing,Gerente,4,8077.21,6631.22,52,Masculino,Graduação,Casado,0,30,42.6,1,50,0
89,TI,Assistente,5,4612.16,3496.6,28,Outro,Pós-graduação,Casado,5,44,43.6,3,32,1
90,RH,Gerente,9,8342.37,7592.91,61,Outro,Graduação,Casado,0,40,4.1,1,38,0
91,TI,Analista,6,5932.64,4230.24,37,Outro,Graduação,Casado,2,30,6.8,1,12,0
92,Financeiro,Assistente,9,4732.41,3191.78,50,Masculino,Graduação,Solteiro,0,30,40.2,1,39,1
93,Operações,Gerente,7,7598.2,7548.45,30,Masculino,Ensino Médio,Viúvo,3,36,43.0,3,48,0
94,Financeiro,Gerente,9,6851.38,8381.62,18,Feminino,Graduação,Solteiro,4,36,19.9,1,28,1
95,Operações,Coordenador,13,6591.17,7831.98,57,Outro,Ensino Médio,Viúvo,4,36,38.5,2,44,1
96,TI,Coordenador,5,6353.84,5172.7,20,Outro,Pós-graduação,Divorciado,3,44,43.8,1,54,1
97,Vendas,Coordenador,20,6049.68,9576.49,44,Masculino,Graduação,Viúvo,3,36,29.7,2,6,0
98,Operações,Coordenador,3,6738.45,4586.82,34,Masculino,Ensino Médio,Casado,2,30,25.9,4,13,1
99,TI,Assistente,4,5056.51,3136.9,55,Masculino,Graduação,Viúvo,2,36,3.7,1,18,1
100,Marketing,Analista,8,6843.24,4605.01,36,Outro,Mestrado,Divorciado,4,30,27.2,2,12,0
101,Operações,Assistente,2,4643.58,2312.04,39,Outro,Mestrado,Casado,1,30,36.6,2,26,1
102,Operações,Coordenador,4,7633.6,5069.31,47,Feminino,Ensino Médio,Solteiro,5,36,17.2,2,14,0
103,Financeiro,Gerente,4,7457.65,6550.84,63,Outro,Mestrado,Solteiro,0,40,9.4,2,41,1
104,Vendas,Assistente,7,4845.78,3833.45,41,Feminino,Mestrado,Divorciado,0,40,36.7,3,46,1
105,Financeiro,Analista,4,5706.91,3658.26,59,Masculino,Mestrado,Solteiro,5,30,13.5,1,20,1
106,Operações,Gerente,15,7395.06,9923.56,36,Outro,Mestrado,Casado,2,36,3.6,4,44,0
107,RH,Gerente,5,7194.78,6510.63,55,Masculino,Ensino Médio,Casado,1,36,15.5,3,19,0
108,RH,Assistente,1,3901.4,2222.38,42,Feminino,Mestrado,Casado,4,44,14.9,4,39,0
109,Financeiro,Analista,0,5873.77,3000.0,36,Feminino,Mestrado,Viúvo,0,30,31.9,1,53,1
110,RH,Gerente,14,7537.53,9634.56,50,Masculino,Ensino Médio,Divorciado,3,40,6.3,1,29,0
111,RH,Gerente,12,7696.91,8175.6,64,Masculino,Graduação,Solteiro,5,36,2.1,1,48,1
112,Financeiro,Coordenador,8,6020.12,6185.66,20,Outro,Ensino Médio,Divorciado,3,30,30.4,4,32,0
113,Operações,Analista,2,6046.05,3418.17,34,Masculino,Doutorado,Divorciado,0,44,46.0,4,15,1
114,Financeiro,Coordenador,6,5483.13,5472.95,53,Outro,Mestrado,Solteiro,4,44,25.1,4,8,1
115,RH,Assistente,15,4623.14,3968.81,26,Feminino,Doutorado,Solteiro,0,44,16.3,3,33,0
116,Marketing,Assistente,2,4484.46,2403.2,34,Masculino,Ensino Médio,Solteiro,2,36,20.9,2,45,1
117,TI,Analista,10,6124.93,5840.32,35,Masculino,Ensino Médio,Viúvo,0,40,25.1,3,7,1
118,TI,Analista,8,5618.37,4954.84,27,Feminino,Ensino Médio,Viúvo,5,44,2.0,4,30,1
119,Marketing,Coordenador,3,6761.92,4379.22,37,Outro,Doutorado,Solteiro,1,44,2.6,1,50,1
120,Marketing,Gerente,7,8690.48,7929.7,43,Outro,Mestrado,Casado,5,40,36.9,3,40,0
121,RH,Gerente,13,6900.54,8919.47,57,Outro,Pós-graduação,Viúvo,0,36,19.8,4,41,0
122,Vendas,Coordenador,9,7093.01,5410.4,50,Outro,Graduação,Divorciado,4,44,25.5,4,21,0
123,TI,Gerente,1,7855.56,6296.03,51,Masculino,Graduação,Solteiro,5,40,41.9,3,48,0
124,Marketing,Analista,7,5527.14,4439.66,61,Masculino,Doutorado,Divorciado,1,36,26.9,3,8,0
125,RH,Gerente,9,6373.3,7024.28,47,Masculino,Ensino Médio,Viúvo,2,40,18.8,1,53,1
126,Operações,Analista,0,6243.03,3000.0,34,Masculino,Graduação,Casado,2,40,41.1,2,51,1
127,TI,Analista,15,6005.42,5314.55,60,Feminino,Pós-graduação,Divorciado,5,36,49.3,2,14,0
128,Marketing,Analista,19,6063.86,5374.31,62,Masculino,Graduação,Casado,4,40,31.1,3,39,1
129,RH,Coordenador,14,5840.24,5850.15,29,Feminino,Ensino Médio,Viúvo,4,36,18.1,3,1,0
130,Vendas,Assistente,11,4348.42,4668.01,49,Masculino,Doutorado,Viúvo,5,44,4.8,2,13,1
131,Marketing,Gerente,14,7102.5,7635.49,57,Outro,Mestrado,Casado,4,40,18.4,4,26,1
132,RH,Assistente,13,4417.5,5577.19,25,Outro,Ensino Médio,Solteiro,3,30,40.4,3,34,0
133,Marketing,Analista,1,5878.53,3132.87,57,Outro,Doutorado,Solteiro,0,40,30.9,2,44,1
134,Financeiro,Assistente,5,4521.98,2764.42,54,Masculino,Mestrado,Solteiro,0,30,15.5,3,44,1
135,TI,Assistente,13,5090.78,3924.47,34,Outro,Ensino Médio,Viúvo,1,36,33.0,3,34,1
136,Marketing,Analista,11,5130.8,5705.33,46,Masculino,Pós-graduação,Solteiro,2,44,40.7,2,10,0
137,Vendas,Gerente,10,7848.86,7866.85,59,Feminino,Graduação,Solteiro,3,44,34.4,1,43,1
138,RH,Gerente,11,7099.11,9204.39,32,Feminino,Doutorado,Casado,1,40,29.7,1,1,1
139,Operações,Gerente,14,8284.21,7642.37,42,Masculino,Mestrado,Divorciado,4,36,28.4,4,50,1
140,Financeiro,Analista,12,6019.38,5348.59,65,Feminino,Mestrado,Casado,2,40,7.0,2,40,1
141,TI,Assistente,5,4505.29,2938.19,19,Outro,Graduação,Viúvo,5,44,45.8,1,34,1
142,Marketing,Assistente,15,4878.31,4489.36,46,Outro,Pós-graduação,Solteiro,5,44,47.9,1,17,0
143,Vendas,Assistente,4,4924.55,2737.26,55,Outro,Mestrado,Divorciado,0,36,5.7,2,43,0
144,Financeiro,Analista,14,5769.84,5459.29,45,Outro,Graduação,Divorciado,4,36,3.0,1,28,0
145,Marketing,Assistente,20,4989.11,7136.25,56,Outro,Doutorado,Divorciado,3,40,15.2,3,27,1
146,Vendas,Assistente,8,4059.18,3870.07,59,Masculino,Mestrado,Divorciado,4,36,26.5,2,56,0
147,RH,Analista,14,5745.1,5530.98,26,Feminino,Pós-graduação,Divorciado,4,40,37.4,4,37,1
148,RH,Assistente,18,5669.69,5017.12,35,Outro,Ensino Médio,Solteiro,2,44,5.9,2,17,0
149,TI,Assistente,16,5130.6,5743.68,28,Masculino,Ensino Médio,Viúvo,2,40,22.4,1,3,1
150,RH,Analista,12,6102.83,5741.65,27,Feminino,Pós-graduação,Solteiro,5,36,11.7,1,37,0
151,Financeiro,Assistente,13,5182.38,5198.6,62,Outro,Mestrado,Viúvo,3,44,38.3,4,34,1
152,Vendas,Assistente,8,4941.53,3211.03,63,Outro,Mestrado,Solteiro,5,36,36.3,4,49,0
153,RH,Assistente,3,4044.8,2404.72,31,Masculino,Ensino Médio,Solteiro,5,44,15.8,3,20,0
154,Financeiro,Assistente,19,4557.86,5696.53,55,Masculino,Ensino Médio,Casado,1,40,1.7,2,27,0
155,TI,Assistente,2,4527.62,2210.14,28,Feminino,Pós-graduação,Divorciado,3,36,35.0,3,12,1
156,TI,Coordenador,8,6657.29,6369.81,22,Masculino,Graduação,Divorciado,0,44,41.2,4,34,0
157,Marketing,Gerente,11,8101.57,9265.2,25,Outro,Ensino Médio,Viúvo,5,30,23.4,2,38,0
158,Financeiro,Coordenador,14,6790.25,5572.68,36,Masculino,Mestrado,Viúvo,4,30,44.7,1,56,0
159,Vendas,Coordenador,12,6617.73,7143.69,43,Feminino,Mestrado,Divorciado,4,30,39.4,2,18,1
160,TI,Coordenador,8,6410.92,5608.28,52,Outro,Graduação,Solteiro,1,30,2.6,4,6,1
161,Financeiro,Coordenador,17,6668.77,7023.99,48,Feminino,Ensino Médio,Solteiro,5,44,37.8,3,58,0
162,Financeiro,Assistente,10,4953.55,3729.48,41,Feminino,Pós-graduação,Divorciado,4,44,11.9,2,28,1
163,Financeiro,Assistente,9,4801.75,3211.68,30,Feminino,Pós-graduação,Casado,2,40,15.8,2,1,0
164,RH,Gerente,14,6573.19,8062.79,33,Feminino,Pós-graduação,Solteiro,1,40,15.2,1,1,1
165,TI,Assistente,13,4489.85,3855.67,36,Feminino,Mestrado,Divorciado,3,44,38.5,2,49,0
166,TI,Coordenador,3,6428.04,4356.35,41,Masculino,Graduação,Viúvo,0,44,48.6,2,56,1
167,Operações,Assistente,20,4803.77,4873.14,46,Feminino,Mestrado,Viúvo,2,44,42.3,2,11,1
168,RH,Analista,13,6203.88,5004.7,51,Feminino,Mestrado,Casado,0,30,28.9,4,28,1
169,Marketing,Analista,18,4937.42,5655.1,55,Feminino,Pós-graduação,Casado,4,36,5.6,4,39,0
170,Vendas,Assistente,16,4522.85,4349.41,34,Feminino,Ensino Médio,Casado,2,44,29.6,3,2,0
171,RH,Gerente,8,6482.5,8268.32,24,Outro,Ensino Médio,Solteiro,5,44,19.7,1,31,0
172,TI,Assistente,2,4916.88,2296.65,32,Outro,Mestrado,Viúvo,3,30,5.0,3,16,0
173,TI,Assistente,13,4733.76,4888.25,42,Feminino,Graduação,Casado,4,44,24.6,2,57,0
174,TI,Assistente,20,4678.02,7154.23,26,Outro,Pós-graduação,Solteiro,2,44,46.8,2,41,0
175,Operações,Gerente,5,6554.8,7166.38,56,Feminino,Pós-graduação,Viúvo,1,30,3.7,1,55,1
176,Operações,Gerente,13,8378.57,8833.64,44,Feminino,Doutorado,Casado,0,44,18.7,3,25,0
177,Operações,Assistente,15,4966.79,5557.26,18,Masculino,Mestrado,Viúvo,1,40,37.3,3,10,0
178,Operações,Analista,15,5490.26,5029.04,52,Masculino,Graduação,Solteiro,5,44,42.1,3,54,0
179,Operações,Assistente,6,4620.14,2609.68,40,Masculino,Doutorado,Solteiro,2,44,49.8,4,4,1
180,Financeiro,Coordenador,11,6682.84,5625.97,24,Masculino,Ensino Médio,Viúvo,2,36,30.5,1,18,0
181,Marketing,Assistente,20,4613.52,5508.99,65,Outro,Pós-graduação,Viúvo,5,30,33.6,3,47,0
182,Marketing,Coordenador,6,5960.37,4946.23,39,Masculino,Graduação,Casado,1,44,16.3,4,58,0
183,TI,Assistente,14,5055.93,6100.51,34,Outro,Graduação,Viúvo,0,30,9.7,3,0,0
184,Vendas,Gerente,12,7682.32,7309.93,63,Masculino,Mestrado,Viúvo,0,44,34.2,3,5,1
185,Operações,Assistente,6,5139.74,3548.42,61,Outro,Graduação,Solteiro,0,36,37.9,1,51,0
186,Financeiro,Coordenador,0,6342.2,4000.0,29,Outro,Ensino Médio,Divorciado,5,40,46.5,1,56,0
187,Financeiro,Gerente,2,8569.81,6227.09,58,Outro,Pós-graduação,Viúvo,3,44,15.5,4,49,0
188,RH,Coordenador,5,6287.2,4506.15,43,Feminino,Pós-graduação,Divorciado,1,30,13.4,2,43,0
189,Marketing,Coordenador,2,7248.78,4302.88,55,Outro,Graduação,Solteiro,2,36,17.0,1,14,0
190,TI,Coordenador,7,6745.26,5546.62,24,Feminino,Graduação,Viúvo,2,44,42.4,1,26,0
191,Financeiro,Coordenador,20,6245.66,9422.17,20,Masculino,Ensino Médio,Divorciado,2,40,34.9,3,8,1
192,TI,Analista,11,5713.33,6092.21,65,Feminino,Mestrado,Viúvo,2,40,20.7,1,0,0
193,Financeiro,Assistente,18,4844.24,6398.62,23,Masculino,Doutorado,Casado,1,30,16.5,2,27,0
194,Marketing,Gerente,20,8121.29,10542.28,58,Masculino,Doutorado,Divorciado,5,36,44.5,2,0,1
195,Financeiro,Assistente,0,5281.72,2000.0,53,Outro,Mestrado,Solteiro,3,36,18.1,4,48,1
196,Financeiro,Coordenador,12,6610.38,6373.17,64,Masculino,Graduação,Divorciado,0,40,10.1,3,53,0
197,Operações,Gerente,8,6453.43,7404.11,42,Feminino,Pós-graduação,Casado,3,40,5.1,4,47,0
198,Marketing,Gerente,6,8484.93,7193.86,43,Feminino,Mestrado,Viúvo,4,44,9.0,2,10,0
199,RH,Coordenador,15,7048.18,7926.73,21,Feminino,Doutorado,Solteiro,3,40,42.7,2,12,1
200,Operações,Coordenador,9,7425.44,5076.59,36,Outro,Graduação,Solteiro,2,36,38.0,4,25,1
201,Financeiro,Coordenador,6,6973.32,4708.87,48,Feminino,Doutorado,Divorciado,5,40,41.9,1,4,0
202,Vendas,Analista,15,6666.6,6147.87,45,Feminino,Doutorado,Viúvo,5,36,48.3,3,40,1
203,Marketing,Gerente,18,8134.02,8867.37,64,Masculino,Mestrado,Casado,5,36,3.0,3,4,0
204,Financeiro,Analista,2,7035.84,3559.93,42,Feminino,Doutorado,Divorciado,2,30,46.9,1,27,1
205,Marketing,Gerente,18,7438.62,10522.3,44,Masculino,Mestrado,Solteiro,4,40,25.1,4,58,1
206,Vendas,Assistente,7,5160.97,3150.88,30,Feminino,Graduação,Solteiro,1,36,3.3,2,32,0
207,Operações,Assistente,12,4776.76,5046.24,19,Masculino,Mestrado,Divorciado,5,36,16.7,2,53,0
208,RH,Coordenador,0,6963.34,4000.0,24,Outro,Pós-graduação,Casado,0,40,33.5,2,38,0
209,Operações,Assistente,0,4503.41,2000.0,27,Feminino,Pós-graduação,Divorciado,0,44,32.8,2,33,0
210,Operações,Assistente,11,5021.2,3117.59,65,Masculino,Doutorado,Divorciado,3,36,34.0,3,45,0
211,TI,Analista,9,5898.95,4154.4,37,Feminino,Mestrado,Viúvo,5,30,39.0,4,37,1
212,RH,Assistente,11,4831.51,3291.06,47,Masculino,Ensino Médio,Viúvo,4,40,43.4,2,34,1
213,Financeiro,Coordenador,12,6734.05,6664.78,24,Feminino,Graduação,Divorciado,1,40,24.4,4,20,1
214,Financeiro,Gerente,9,6731.97,8080.09,47,Feminino,Ensino Médio,Casado,1,30,23.0,4,12,0
215,TI,Assistente,15,5111.98,5769.04,33,Masculino,Ensino Médio,Casado,0,30,47.9,3,58,1
216,Financeiro,Analista,0,5825.39,3000.0,37,Masculino,Ensino Médio,Divorciado,0,30,37.0,2,58,1
217,Operações,Assistente,3,5103.67,2448.32,44,Feminino,Ensino Médio,Divorciado,2,40,26.5,4,52,0
218,Financeiro,Assistente,1,4355.5,2153.33,32,Outro,Mestrado,Viúvo,0,44,6.6,4,27,1
219,Marketing,Analista,6,5568.91,4720.74,55,Masculino,Doutorado,Solteiro,1,44,25.4,4,29,1
220,Marketing,Analista,12,5800.32,6454.33,50,Masculino,Ensino Médio,Casado,5,30,16.2,2,57,0
221,RH,Assistente,12,4540.24,3501.29,32,Outro,Pós-graduação,Viúvo,1,36,27.3,3,31,1
222,RH,Coordenador,15,6491.05,8109.14,22,Feminino,Ensino Médio,Viúvo,0,36,10.9,1,8,1
223,Operações,Analista,4,6228.49,3983.7,46,Feminino,Ensino Médio,Divorciado,4,40,48.0,4,56,1
224,Vendas,Coordenador,14,6002.42,6430.81,59,Feminino,Graduação,Casado,5,40,21.2,2,52,1
225,Vendas,Assistente,0,4835.62,2000.0,51,Feminino,Doutorado,Casado,1,40,2.6,4,20,0
226,TI,Analista,7,6027.49,5050.35,55,Outro,Doutorado,Casado,0,30,18.8,2,8,1
227,Operações,Analista,1,5666.62,3185.27,40,Feminino,Doutorado,Solteiro,0,40,22.0,4,12,1
228,Vendas,Assistente,4,5208.89,3045.11,26,Outro,Graduação,Viúvo,1,36,18.9,1,58,1
229,RH,Coordenador,6,5888.22,5556.77,38,Feminino,Ensino Médio,Divorciado,3,30,34.2,3,49,0
230,Operações,Assistente,19,4960.01,5363.93,40,Masculino,Pós-graduação,Viúvo,4,36,9.1,3,42,0
231,Financeiro,Assistente,6,5010.05,2772.39,27,Feminino,Ensino Médio,Solteiro,1,44,41.2,2,37,1
232,Marketing,Gerente,8,6961.84,7461.69,61,Masculino,Doutorado,Viúvo,1,30,24.7,2,12,0
233,Marketing,Analista,11,5464.0,4860.55,25,Masculino,Mestrado,Solteiro,4,40,23.2,4,46,1
234,Marketing,Coordenador,19,6593.25,7387.74,49,Masculino,Graduação,Solteiro,2,30,10.0,4,27,1
235,RH,Coordenador,9,6753.76,5491.35,21,Feminino,Pós-graduação,Solteiro,0,36,42.7,3,38,0
236,RH,Analista,3,6730.86,3401.45,27,Feminino,Doutorado,Casado,2,40,2.9,4,41,1
237,Marketing,Gerente,19,6386.43,8279.09,38,Feminino,Mestrado,Divorciado,2,40,22.3,1,23,0
238,Vendas,Gerente,13,8482.99,7796.36,28,Feminino,Mestrado,Casado,2,36,3.1,1,2,0
239,Financeiro,Gerente,10,6740.42,7462.87,29,Feminino,Pós-graduação,Casado,5,36,22.7,4,52,1
240,RH,Assistente,4,4998.91,2897.84,52,Feminino,Ensino Médio,Solteiro,4,36,25.0,4,6,0
241,Operações,Analista,0,7287.85,3000.0,59,Outro,Mestrado,Viúvo,3,36,29.0,4,18,1
242,Financeiro,Gerente,0,7204.9,6000.0,47,Masculino,Doutorado,Casado,0,40,30.4,4,41,0
243,TI,Assistente,18,4797.03,5175.82,47,Masculino,Ensino Médio,Divorciado,4,30,26.2,3,36,1
244,Vendas,Analista,18,6328.6,7772.24,27,Outro,Graduação,Viúvo,3,44,32.8,4,44,1
245,Vendas,Coordenador,14,5109.23,5819.05,55,Masculino,Mestrado,Divorciado,2,36,21.0,3,59,0
246,RH,Coordenador,6,6575.74,5137.63,25,Feminino,Pós-graduação,Viúvo,1,30,42.1,1,32,1
247,Marketing,Analista,11,5341.27,4257.41,54,Feminino,Pós-graduação,Casado,4,36,5.4,3,8,1
248,Operações,Gerente,15,7319.34,8428.27,19,Masculino,Pós-graduação,Divorciado,2,30,38.9,3,36,0
249,Marketing,Gerente,7,7851.98,8028.14,59,Feminino,Mestrado,Viúvo,3,30,37.7,1,20,0
250,Financeiro,Coordenador,19,6857.82,7014.28,64,Masculino,Pós-graduação,Divorciado,0,36,35.8,1,31,1
251,Operações,Assistente,18,5258.91,3975.72,52,Outro,Mestrado,Divorciado,1,36,18.9,2,25,0
252,Financeiro,Coordenador,15,6300.72,7055.65,41,Outro,Doutorado,Viúvo,1,40,18.7,4,28,0
253,Financeiro,Assistente,11,4647.61,5150.99,21,Feminino,Mestrado,Casado,3,36,12.3,4,51,1
254,Marketing,Gerente,14,7365.27,8999.99,49,Outro,Pós-graduação,Solteiro,3,40,48.1,2,50,1
255,Operações,Analista,12,6614.74,6551.24,62,Masculino,Graduação,Solteiro,4,44,20.0,4,33,0
256,Financeiro,Analista,2,6187.32,3471.67,44,Feminino,Doutorado,Casado,4,30,29.8,3,33,1
257,RH,Assistente,9,4531.82,4000.78,50,Feminino,Ensino Médio,Viúvo,3,36,25.9,4,21,1
258,RH,Assistente,3,4199.18,2733.41,35,Feminino,Mestrado,Divorciado,2,36,20.9,4,34,0
259,Marketing,Assistente,4,4540.75,3002.19,30,Masculino,Pós-graduação,Divorciado,2,36,23.0,1,33,1
260,Vendas,Assistente,5,5219.19,2789.78,63,Outro,Ensino Médio,Divorciado,4,36,17.7,2,1,0
261,Vendas,Analista,14,6793.94,5216.19,44,Masculino,Doutorado,Solteiro,5,40,46.3,4,46,1
262,Marketing,Assistente,14,4644.59,5623.54,55,Masculino,Doutorado,Casado,4,44,40.9,1,13,1
263,TI,Assistente,18,4898.68,4786.19,32,Outro,Ensino Médio,Casado,1,36,31.9,1,22,1
264,Financeiro,Coordenador,18,5375.78,6202.41,44,Feminino,Graduação,Casado,1,36,1.1,3,20,1
265,RH,Assistente,2,4835.35,2330.69,60,Outro,Doutorado,Viúvo,0,40,10.9,3,47,1
266,Financeiro,Analista,13,5636.59,4781.15,60,Outro,Graduação,Casado,5,36,5.8,4,25,0
267,Operações,Assistente,17,4394.41,4099.52,53,Outro,Ensino Médio,Viúvo,2,40,26.6,1,36,0
268,Financeiro,Coordenador,16,6815.65,6999.55,54,Masculino,Ensino Médio,Casado,3,30,36.5,4,51,1
269,Vendas,Analista,13,6385.19,6687.94,27,Feminino,Ensino Médio,Casado,5,30,19.5,1,14,0
270,Financeiro,Gerente,14,7685.68,10063.56,27,Masculino,Ensino Médio,Divorciado,0,30,29.9,1,56,0
271,TI,Gerente,4,7888.7,7174.49,25,Outro,Mestrado,Casado,5,40,38.0,3,5,1
272,Marketing,Gerente,9,8088.1,8125.2,58,Masculino,Ensino Médio,Solteiro,1,44,31.6,2,49,0
273,Financeiro,Analista,0,6028.66,3000.0,46,Masculino,Pós-graduação,Casado,5,40,37.8,4,0,1
274,Marketing,Assistente,6,4765.98,3322.62,62,Feminino,Graduação,Casado,3,44,14.2,2,57,0
275,Marketing,Assistente,13,4696.02,3497.12,65,Outro,Pós-graduação,Casado,5,36,36.9,4,54,0
276,Operações,Analista,20,6270.38,7865.22,32,Feminino,Ensino Médio,Solteiro,2,36,47.4,3,35,1
277,Marketing,Assistente,7,4444.21,3007.6,18,Feminino,Pós-graduação,Casado,3,30,22.3,3,5,0
278,TI,Coordenador,11,6515.68,6045.47,18,Masculino,Graduação,Viúvo,1,40,23.4,3,25,0
279,Marketing,Assistente,5,4665.5,2514.72,36,Masculino,Pós-graduação,Divorciado,1,30,28.5,2,4,1
280,Marketing,Assistente,6,4997.98,3046.99,19,Outro,Mestrado,Casado,1,36,45.8,1,5,0
281,Financeiro,Analista,1,5579.66,3170.25,43,Feminino,Ensino Médio,Casado,2,44,16.7,3,31,0
282,Vendas,Coordenador,6,6564.39,5466.24,65,Feminino,Pós-graduação,Divorciado,1,30,35.1,3,54,1
283,TI,Gerente,1,8424.19,6229.71,19,Outro,Doutorado,Casado,0,40,2.1,1,29,1
284,Financeiro,Gerente,4,7825.91,6778.25,58,Outro,Graduação,Solteiro,2,40,35.5,3,26,0
285,Marketing,Coordenador,15,6955.8,7075.78,45,Outro,Mestrado,Casado,1,30,34.3,4,13,0
286,Marketing,Analista,13,6156.91,4856.44,45,Outro,Mestrado,Viúvo,4,30,30.0,2,11,1
287,RH,Assistente,4,4638.95,2733.45,41,Outro,Graduação,Divorciado,5,36,37.6,3,36,1
288,Operações,Assistente,9,4620.92,3232.38,51,Feminino,Mestrado,Divorciado,3,44,32.3,1,5,1
289,Vendas,Gerente,20,6923.21,9711.67,28,Masculino,Graduação,Casado,5,30,38.5,4,21,0
290,Marketing,Coordenador,17,5896.43,6072.86,47,Outro,Ensino Médio,Divorciado,1,44,28.7,2,36,0
291,Marketing,Assistente,16,4826.49,3844.73,49,Masculino,Ensino Médio,Solteiro,1,36,34.3,1,34,0
292,Financeiro,Gerente,3,7961.57,6690.92,35,Outro,Ensino Médio,Solteiro,2,36,29.7,2,36,1
293,Operações,Assistente,14,5003.53,4058.89,41,Outro,Doutorado,Casado,1,40,21.6,4,22,1
294,Operações,Assistente,19,5113.01,6627.84,53,Outro,Ensino Médio,Solteiro,5,44,9.5,4,18,1
295,RH,Analista,2,5289.12,3349.49,41,Outro,Mestrado,Casado,2,40,27.1,3,41,0
296,Financeiro,Assistente,13,4485.3,3530.75,65,Masculino,Graduação,Divorciado,1,40,32.1,4,42,0
297,Vendas,Coordenador,8,6711.5,5737.56,43,Feminino,Pós-graduação,Divorciado,0,30,49.7,1,39,0
298,Financeiro,Analista,8,6062.5,4398.84,22,Feminino,Graduação,Divorciado,4,30,42.7,2,26,1
299,Operações,Assistente,20,4120.73,4363.78,37,Feminino,Mestrado,Viúvo,3,40,4.8,3,1,0
300,RH,Gerente,8,6873.86,8050.02,29,Outro,Pós-graduação,Viúvo,4,36,26.2,3,35,1
301,TI,Coordenador,20,6037.89,9567.15,26,Feminino,Graduação,Viúvo,0,44,13.6,3,57,0
302,Marketing,Gerente,10,7655.4,8216.11,31,Feminino,Mestrado,Solteiro,2,44,37.1,4,51,1
303,Marketing,Coordenador,16,5787.17,7807.8,33,Outro,Ensino Médio,Casado,3,44,40.0,1,14,0
304,Vendas,Assistente,18,4982.2,7390.95,31,Outro,Doutorado,Casado,0,36,14.1,1,50,1
305,TI,Gerente,2,7326.93,6326.65,33,Masculino,Mestrado,Solteiro,5,30,34.1,4,22,0
306,TI,Assistente,5,4866.41,3398.16,59,Outro,Mestrado,Divorciado,2,30,40.5,4,23,1
307,TI,Assistente,3,4761.55,2854.23,18,Outro,Pós-graduação,Solteiro,5,40,4.5,4,44,0
308,Financeiro,Assistente,11,5132.44,4496.25,21,Masculino,Mestrado,Viúvo,3,30,1.0,1,30,0
309,RH,Assistente,0,4617.76,2000.0,18,Feminino,Graduação,Solteiro,0,36,49.9,2,10,1
310,Operações,Assistente,16,4716.46,5524.61,32,Feminino,Doutorado,Solteiro,2,36,26.1,4,40,0
311,Operações,Assistente,2,5352.91,2548.77,20,Outro,Graduação,Solteiro,1,40,38.3,1,46,0
312,TI,Analista,15,6497.63,7095.64,38,Outro,Pós-graduação,Solteiro,1,44,37.5,1,58,0
313,Marketing,Assistente,16,4617.24,6377.08,52,Feminino,Mestrado,Casado,5,44,39.8,1,42,1
314,Operações,Assistente,7,5601.9,3533.09,62,Outro,Ensino Médio,Viúvo,5,36,40.2,2,24,1
315,RH,Analista,2,5853.81,3413.68,56,Masculino,Ensino Médio,Divorciado,1,44,3.3,2,44,1
316,Financeiro,Coordenador,4,6633.76,4775.64,45,Outro,Ensino Médio,Solteiro,0,30,11.0,2,25,0
317,TI,Gerente,7,7852.99,6946.75,22,Feminino,Mestrado,Viúvo,5,36,49.6,4,16,0
318,Financeiro,Analista,13,6044.13,6096.53,46,Feminino,Doutorado,Divorciado,3,30,42.3,4,39,0
319,Marketing,Gerente,15,8419.84,8651.92,59,Masculino,Ensino Médio,Divorciado,4,30,3.2,2,49,0
320,Marketing,Gerente,15,7752.51,7618.12,36,Feminino,Mestrado,Viúvo,0,40,17.5,3,18,1
321,RH,Coordenador,2,6596.36,4340.61,49,Masculino,Doutorado,Casado,0,44,12.8,3,30,1
322,Financeiro,Coordenador,9,6364.86,6106.09,40,Masculino,Ensino Médio,Casado,4,40,13.7,4,44,0
323,TI,Analista,19,5872.86,8421.01,48,Outro,Graduação,Divorciado,0,36,28.7,3,30,0
324,RH,Coordenador,5,6764.09,4514.19,40,Masculino,Mestrado,Viúvo,1,36,35.5,1,41,1
325,Marketing,Gerente,9,7566.14,7250.59,45,Feminino,Pós-graduação,Casado,4,40,34.9,2,36,0
326,TI,Gerente,10,6368.94,7908.57,19,Outro,Doutorado,Solteiro,2,30,42.0,1,26,0
327,RH,Analista,9,5830.91,4174.81,36,Feminino,Ensino Médio,Solteiro,5,30,35.1,1,10,0
328,Financeiro,Analista,2,5634.17,3549.6,38,Outro,Graduação,Casado,0,36,49.2,3,41,0
329,TI,Assistente,14,4523.8,5531.83,36,Outro,Ensino Médio,Solteiro,2,36,48.3,1,12,0
330,Financeiro,Assistente,0,4402.13,2000.0,36,Masculino,Ensino Médio,Viúvo,0,40,34.5,2,50,0
331,Operações,Gerente,15,7773.27,8998.7,58,Feminino,Pós-graduação,Viúvo,4,44,41.7,4,52,1
332,RH,Gerente,17,7752.82,9213.92,32,Masculino,Ensino Médio,Divorciado,4,30,28.9,1,31,1
333,Vendas,Analista,15,6402.78,5848.48,43,Feminino,Pós-graduação,Viúvo,3,40,6.9,3,36,1
334,Financeiro,Analista,9,6437.11,4949.31,41,Outro,Graduação,Solteiro,2,30,46.5,3,25,0
335,TI,Assistente,19,4722.9,5343.96,65,Feminino,Pós-graduação,Viúvo,4,44,5.5,1,1,1
336,Operações,Gerente,0,7986.42,6000.0,29,Masculino,Mestrado,Divorciado,4,36,26.6,3,12,0
337,RH,Coordenador,3,6762.99,4397.24,42,Masculino,Doutorado,Viúvo,2,44,5.7,2,48,1
338,Vendas,Gerente,11,7289.04,9240.03,20,Feminino,Doutorado,Casado,3,44,26.9,1,25,1
339,Vendas,Analista,6,5812.4,4458.96,44,Masculino,Ensino Médio,Solteiro,3,44,8.6,1,32,1
340,RH,Assistente,2,5028.55,2331.53,38,Outro,Doutorado,Casado,1,30,42.9,3,3,0
341,TI,Gerente,12,7374.38,9000.36,32,Masculino,Doutorado,Viúvo,2,44,49.8,1,17,1
342,Marketing,Analista,19,6022.24,7467.52,56,Outro,Ensino Médio,Solteiro,0,36,14.5,1,21,0
343,Marketing,Gerente,3,7631.09,6544.29,46,Feminino,Pós-graduação,Solteiro,1,30,25.8,3,33,0
344,Vendas,Gerente,9,7149.82,7455.04,44,Feminino,Mestrado,Casado,2,40,28.2,3,20,0
345,TI,Analista,8,6810.05,4076.23,20,Outro,Pós-graduação,Divorciado,2,30,46.0,1,47,0
346,Operações,Gerente,9,8503.67,7238.23,55,Feminino,Doutorado,Viúvo,1,40,8.1,2,33,0
347,TI,Assistente,12,5374.43,4559.34,65,Masculino,Doutorado,Viúvo,0,30,29.6,2,32,0
348,Financeiro,Analista,6,5228.76,4625.41,59,Masculino,Pós-graduação,Viúvo,0,44,38.0,2,37,0
349,Operações,Coordenador,3,6779.02,4629.32,19,Feminino,Doutorado,Viúvo,2,40,22.2,2,33,0
350,Operações,Assistente,20,5214.13,6366.91,44,Masculino,Ensino Médio,Solteiro,4,44,10.6,2,23,0
351,Vendas,Assistente,12,5102.88,4918.65,59,Masculino,Doutorado,Divorciado,3,40,2.5,4,23,1
352,Vendas,Assistente,7,4566.64,4060.27,35,Masculino,Mestrado,Casado,5,36,33.7,1,48,1
353,Operações,Gerente,3,7514.9,6397.71,48,Masculino,Doutorado,Viúvo,4,36,14.0,2,42,1
354,Marketing,Analista,7,5426.63,4361.51,34,Outro,Pós-graduação,Viúvo,1,36,44.4,3,28,0
355,RH,Gerente,11,7132.59,8332.79,64,Masculino,Mestrado,Casado,2,40,38.3,4,44,1
356,TI,Analista,11,5755.59,4353.27,32,Feminino,Ensino Médio,Viúvo,2,36,27.9,4,33,1
357,Marketing,Gerente,15,8089.62,7833.12,55,Feminino,Ensino Médio,Casado,2,36,18.3,4,49,1
358,Operações,Coordenador,0,6640.37,4000.0,27,Feminino,Ensino Médio,Casado,0,44,11.0,4,38,0
359,Vendas,Gerente,20,6901.12,8867.65,52,Outro,Doutorado,Divorciado,4,36,11.5,2,17,0
360,Operações,Gerente,16,7782.42,10322.49,38,Masculino,Mestrado,Viúvo,4,30,35.0,3,10,1
361,Marketing,Assistente,8,4782.59,3902.59,59,Outro,Ensino Médio,Viúvo,5,44,3.8,1,33,0
362,RH,Gerente,7,8338.91,7093.32,56,Feminino,Ensino Médio,Divorciado,0,36,38.9,3,14,0
363,Financeiro,Gerente,15,7851.33,9644.29,31,Outro,Doutorado,Divorciado,5,44,16.5,4,13,0
364,RH,Assistente,18,4422.57,4036.18,43,Masculino,Ensino Médio,Solteiro,0,30,43.9,4,3,1
365,TI,Assistente,16,5195.86,4537.26,30,Masculino,Pós-graduação,Viúvo,4,30,28.0,4,50,0
366,Operações,Assistente,14,5088.3,5032.38,58,Feminino,Doutorado,Casado,3,30,40.3,2,21,1
367,RH,Gerente,15,6884.69,9775.44,26,Outro,Pós-graduação,Viúvo,0,30,37.2,1,34,1
368,Vendas,Assistente,15,4158.26,5004.22,59,Outro,Doutorado,Solteiro,0,44,29.7,1,19,1
369,Operações,Assistente,20,5136.4,6427.09,46,Feminino,Graduação,Solteiro,0,40,25.7,2,3,1
370,Operações,Gerente,2,8221.2,6470.24,39,Feminino,Pós-graduação,Divorciado,0,30,9.8,2,47,0
371,Marketing,Analista,18,5893.33,5774.49,35,Feminino,Graduação,Divorciado,3,44,13.2,3,23,1
372,Operações,Gerente,3,8439.72,6891.74,29,Feminino,Doutorado,Solteiro,0,30,23.6,4,55,0
373,TI,Coordenador,10,6359.85,5338.48,58,Masculino,Graduação,Casado,5,44,31.1,4,20,0
374,Marketing,Coordenador,4,6301.17,5116.28,56,Masculino,Pós-graduação,Casado,1,44,11.0,4,25,0
375,Vendas,Assistente,11,4551.32,4899.88,60,Outro,Ensino Médio,Divorciado,2,40,2.8,4,59,1
376,TI,Assistente,3,4796.45,2635.4,52,Feminino,Pós-graduação,Solteiro,2,30,10.4,4,26,1
377,RH,Assistente,3,4734.46,2349.07,60,Outro,Doutorado,Viúvo,3,44,25.5,2,37,1
378,Marketing,Coordenador,11,6829.79,5436.41,48,Feminino,Mestrado,Casado,2,40,3.4,3,43,1
379,RH,Coordenador,2,6589.07,4571.46,25,Outro,Graduação,Divorciado,5,44,2.8,4,27,1
380,Operações,Analista,20,5613.69,5939.8,41,Masculino,Doutorado,Viúvo,2,40,26.5,4,42,0
381,Marketing,Gerente,2,8149.84,6431.65,48,Feminino,Ensino Médio,Viúvo,0,40,41.6,3,53,1
382,Marketing,Assistente,18,4506.69,3933.16,50,Feminino,Doutorado,Divorciado,2,40,6.0,3,40,0
383,TI,Gerente,14,7413.06,7617.18,62,Masculino,Doutorado,Casado,2,36,11.1,3,32,0
384,Operações,Assistente,8,4813.27,3023.27,58,Outro,Pós-graduação,Casado,4,36,39.2,1,30,0
385,Marketing,Assistente,6,4782.05,3167.53,65,Feminino,Graduação,Viúvo,4,40,22.5,2,3,1
386,Financeiro,Assistente,5,4871.9,2908.78,31,Outro,Pós-graduação,Divorciado,5,44,42.6,3,34,1
387,Marketing,Analista,13,5938.41,4498.67,51,Masculino,Doutorado,Solteiro,2,44,36.4,1,52,0
388,Financeiro,Assistente,0,4492.28,2000.0,64,Feminino,Mestrado,Divorciado,5,40,15.1,2,36,0
389,Vendas,Coordenador,0,6373.51,4000.0,29,Outro,Pós-graduação,Solteiro,3,44,5.8,3,34,1
390,Vendas,Gerente,0,7890.39,6000.0,58,Outro,Ensino Médio,Solteiro,5,36,23.4,3,45,0
391,Marketing,Gerente,0,7482.91,6000.0,22,Feminino,Graduação,Solteiro,5,30,36.7,3,50,1
392,Vendas,Coordenador,13,5505.07,7082.22,53,Feminino,Doutorado,Solteiro,4,40,5.9,2,47,1
393,Financeiro,Coordenador,5,5330.5,5183.64,65,Outro,Mestrado,Viúvo,5,44,27.2,3,34,1
394,RH,Analista,8,5860.07,3890.17,49,Masculino,Graduação,Solteiro,3,36,22.2,4,42,0
395,Vendas,Coordenador,10,7223.49,6301.16,60,Outro,Doutorado,Viúvo,1,36,36.0,3,53,0
396,Financeiro,Coordenador,16,6815.61,8789.75,50,Feminino,Doutorado,Viúvo,3,30,23.9,2,48,1
397,Operações,Coordenador,13,7490.52,6838.97,65,Feminino,Pós-graduação,Solteiro,0,40,8.1,2,10,0
398,Vendas,Coordenador,18,6158.56,7182.1,31,Feminino,Mestrado,Viúvo,0,44,32.3,4,26,0
399,Operações,Gerente,5,7012.19,6678.21,54,Feminino,Ensino Médio,Viúvo,4,36,42.1,2,54,0
400,Vendas,Assistente,5,4499.87,3004.77,42,Masculino,Mestrado,Viúvo,1,30,34.5,1,15,0
401,Vendas,Coordenador,7,6885.81,6079.65,39,Masculino,Graduação,Divorciado,5,36,36.4,4,10,0
402,TI,Coordenador,20,7031.75,9551.06,40,Feminino,Graduação,Casado,2,36,14.9,4,58,1
403,Financeiro,Assistente,7,4674.91,3363.64,65,Outro,Graduação,Casado,1,36,14.7,3,0,1
404,RH,Gerente,17,7193.31,9514.61,52,Masculino,Graduação,Solteiro,2,36,6.8,4,23,0
405,RH,Assistente,15,4907.78,5508.63,33,Outro,Pós-graduação,Divorciado,5,36,40.0,2,55,0
406,Vendas,Coordenador,3,6976.35,4334.92,35,Masculino,Graduação,Viúvo,2,36,9.9,3,57,1
407,Operações,Analista,0,6087.64,3000.0,27,Masculino,Pós-graduação,Solteiro,3,40,31.1,1,48,1
408,RH,Analista,0,5952.58,3000.0,62,Masculino,Doutorado,Viúvo,4,30,30.3,1,44,0
409,Operações,Analista,10,5872.61,4331.2,58,Masculino,Doutorado,Casado,3,44,33.4,2,13,0
410,Financeiro,Assistente,20,4810.31,4745.98,21,Feminino,Ensino Médio,Solteiro,4,40,16.9,3,36,0
411,RH,Assistente,14,5473.32,4601.89,50,Feminino,Graduação,Casado,2,40,21.2,4,28,1
412,Operações,Coordenador,6,6556.26,5765.13,19,Outro,Mestrado,Casado,0,40,3.9,4,1,0
413,Marketing,Analista,19,6005.9,6189.2,54,Feminino,Graduação,Viúvo,4,36,36.4,2,15,0
414,Financeiro,Gerente,13,8622.16,9352.22,58,Masculino,Pós-graduação,Viúvo,3,40,31.0,4,42,0
415,Financeiro,Coordenador,5,6839.94,4753.24,39,Outro,Pós-graduação,Casado,5,30,16.3,2,23,0
416,Vendas,Gerente,14,6846.46,9502.25,62,Outro,Doutorado,Solteiro,4,36,19.1,3,7,1
417,Marketing,Assistente,9,4509.92,3519.8,55,Feminino,Graduação,Solteiro,0,44,3.5,3,20,0
418,RH,Gerente,20,8030.35,10597.52,36,Outro,Mestrado,Divorciado,2,36,21.1,2,19,0
419,Marketing,Analista,20,5977.75,8928.3,28,Outro,Graduação,Viúvo,0,44,10.0,4,3,1
420,Vendas,Analista,4,6558.14,3741.57,27,Outro,Mestrado,Casado,0,30,32.6,1,36,0
421,RH,Assistente,3,4425.15,2328.59,48,Masculino,Pós-graduação,Solteiro,0,40,2.2,3,57,1
422,Marketing,Gerente,4,8028.21,6865.9,51,Masculino,Graduação,Casado,1,30,36.2,3,15,1
423,RH,Gerente,10,7325.8,7355.59,64,Outro,Graduação,Casado,3,30,46.6,2,7,1
424,TI,Assistente,5,4723.11,2586.2,58,Masculino,Graduação,Casado,4,36,48.1,3,6,1
425,Financeiro,Coordenador,18,6707.33,6704.1,25,Masculino,Ensino Médio,Solteiro,2,36,38.9,2,59,1
426,RH,Assistente,2,4617.5,2373.87,45,Feminino,Pós-graduação,Divorciado,1,44,25.9,3,54,1
427,RH,Gerente,6,7600.7,7301.92,52,Masculino,Doutorado,Solteiro,2,44,36.6,4,27,0
428,Vendas,Assistente,9,4738.59,4604.29,60,Outro,Doutorado,Viúvo,3,44,2.1,1,29,1
429,Marketing,Gerente,14,7882.3,9033.85,57,Masculino,Mestrado,Solteiro,2,40,43.4,3,41,1
430,Operações,Analista,2,6411.29,3462.15,23,Feminino,Pós-graduação,Solteiro,4,44,21.0,4,12,1
431,Vendas,Analista,20,6240.73,8448.09,23,Outro,Mestrado,Solteiro,4,30,37.5,2,12,0
432,Operações,Gerente,10,7502.26,7645.87,37,Feminino,Ensino Médio,Divorciado,1,36,40.5,1,18,0
433,Vendas,Gerente,12,7487.44,8142.32,48,Masculino,Graduação,Solteiro,5,40,4.9,2,25,1
434,TI,Coordenador,20,7140.81,9200.58,51,Feminino,Ensino Médio,Casado,5,40,48.1,2,34,0
435,Marketing,Gerente,9,7673.0,8204.2,63,Outro,Pós-graduação,Viúvo,5,40,19.7,4,36,0
436,TI,Coordenador,1,6958.69,4145.28,19,Outro,Doutorado,Divorciado,1,44,21.0,1,28,0
437,Operações,Assistente,8,4928.14,4144.25,22,Masculino,Ensino Médio,Viúvo,3,36,15.5,3,47,0
438,Financeiro,Gerente,1,7300.03,6280.33,49,Feminino,Ensino Médio,Casado,5,44,39.3,2,5,1
439,Financeiro,Assistente,15,4979.89,4535.3,58,Outro,Graduação,Viúvo,0,44,20.7,2,36,0
440,Vendas,Coordenador,2,6849.1,4451.11,30,Outro,Pós-graduação,Divorciado,0,40,9.2,2,20,1
441,TI,Analista,12,5989.42,6181.33,47,Outro,Graduação,Solteiro,2,40,29.6,1,18,1
442,RH,Gerente,10,7023.17,8882.49,41,Feminino,Mestrado,Casado,0,36,14.7,3,17,0
443,Marketing,Coordenador,18,6548.71,7080.12,33,Feminino,Doutorado,Solteiro,3,44,45.9,1,58,1
444,RH,Analista,12,6737.34,6339.51,36,Masculino,Pós-graduação,Divorciado,1,44,47.7,1,13,0
445,RH,Gerente,14,7060.84,9213.32,27,Outro,Graduação,Divorciado,1,40,50.0,2,20,1
446,Operações,Coordenador,20,6553.24,7508.74,18,Outro,Doutorado,Solteiro,3,44,24.2,2,43,1
447,Marketing,Analista,13,5790.51,4808.72,21,Feminino,Doutorado,Viúvo,2,44,44.2,3,55,1
448,Marketing,Coordenador,0,6443.19,4000.0,55,Feminino,Mestrado,Viúvo,0,40,18.5,2,39,1
449,Financeiro,Assistente,10,4670.25,3530.43,51,Feminino,Mestrado,Divorciado,3,40,36.9,3,11,0
450,Vendas,Gerente,7,7903.38,7004.28,39,Outro,Mestrado,Solteiro,2,30,24.3,4,8,1
451,Vendas,Gerente,9,7762.48,7639.92,35,Masculino,Doutorado,Casado,4,30,49.3,4,48,0
452,Vendas,Analista,3,5831.44,3334.44,23,Outro,Mestrado,Solteiro,2,44,9.3,4,3,0
453,Operações,Gerente,4,6687.65,6966.51,31,Feminino,Mestrado,Casado,3,44,6.8,4,40,1
454,Operações,Coordenador,20,6770.75,7513.71,34,Outro,Pós-graduação,Divorciado,4,36,17.6,1,34,1
455,Financeiro,Coordenador,7,5850.62,5450.98,53,Outro,Doutorado,Casado,4,40,34.9,4,41,0
456,Marketing,Analista,11,5417.26,4859.57,33,Feminino,Graduação,Solteiro,0,36,35.3,1,34,0
457,RH,Gerente,10,7454.68,7874.39,42,Outro,Ensino Médio,Solteiro,2,44,22.6,1,54,0
458,RH,Assistente,6,4852.81,3654.92,45,Feminino,Ensino Médio,Solteiro,3,44,13.0,2,25,1
459,TI,Analista,17,4971.82,5680.28,33,Outro,Pós-graduação,Casado,2,36,14.3,2,50,0
460,Vendas,Assistente,9,4611.16,2966.92,51,Feminino,Graduação,Casado,1,36,31.9,3,30,0
461,RH,Gerente,15,7270.97,7701.2,51,Outro,Pós-graduação,Divorciado,3,36,21.4,4,52,0
462,Marketing,Coordenador,20,6232.11,9838.62,53,Masculino,Doutorado,Solteiro,0,40,19.6,3,2,1
463,RH,Assistente,7,5197.51,4010.22,30,Outro,Ensino Médio,Divorciado,5,36,34.2,4,25,0
464,TI,Coordenador,15,7017.49,7676.34,55,Feminino,Doutorado,Solteiro,0,44,10.9,2,55,1
465,Financeiro,Coordenador,1,6946.98,4215.08,27,Outro,Graduação,Divorciado,1,30,4.4,1,30,1
466,Marketing,Coordenador,16,6833.72,6848.37,48,Masculino,Ensino Médio,Casado,5,30,19.1,3,4,0
467,RH,Coordenador,10,7166.54,6234.8,46,Feminino,Mestrado,Viúvo,2,44,10.1,2,36,1
468,RH,Analista,20,5707.02,6279.94,48,Masculino,Graduação,Solteiro,5,44,36.4,3,44,0
469,Marketing,Gerente,17,7558.23,9637.77,57,Feminino,Pós-graduação,Solteiro,2,30,33.6,2,12,0
470,RH,Analista,6,6671.71,4259.3,58,Outro,Graduação,Casado,4,44,24.3,4,57,1
471,Financeiro,Analista,12,6152.09,6421.01,51,Masculino,Graduação,Divorciado,0,40,20.8,2,17,1
472,Financeiro,Assistente,5,4719.01,3263.27,32,Outro,Pós-graduação,Divorciado,5,44,1.1,2,39,0
473,Operações,Coordenador,20,6331.65,9405.4,21,Outro,Ensino Médio,Viúvo,1,30,47.2,1,20,1
474,Operações,Analista,19,5950.73,7905.28,27,Outro,Ensino Médio,Viúvo,3,30,44.6,1,56,1
475,Operações,Analista,2,6080.66,3474.3,63,Feminino,Graduação,Viúvo,4,44,33.6,2,36,1
476,Vendas,Coordenador,12,6430.84,7194.97,31,Feminino,Graduação,Casado,3,30,13.8,3,14,0
477,Operações,Coordenador,2,7052.04,4490.91,60,Outro,Graduação,Divorciado,4,40,49.7,1,5,1
478,Operações,Analista,9,6062.89,3960.99,52,Masculino,Doutorado,Divorciado,3,40,23.2,4,43,0
479,Vendas,Assistente,18,4524.47,6178.21,41,Outro,Doutorado,Viúvo,4,40,37.2,2,57,1
480,Operações,Assistente,14,4732.13,5686.69,64,Outro,Doutorado,Solteiro,1,36,16.9,3,29,1
481,RH,Gerente,17,7570.3,9206.38,58,Masculino,Doutorado,Solteiro,4,44,37.8,1,23,0
482,Operações,Analista,19,6476.21,6362.53,31,Masculino,Ensino Médio,Casado,2,44,18.7,2,38,1
483,RH,Coordenador,12,6308.66,5991.71,49,Outro,Pós-graduação,Viúvo,1,40,23.9,4,16,0
484,Marketing,Analista,9,6057.28,5496.67,28,Masculino,Ensino Médio,Viúvo,3,30,47.8,3,22,1
485,Marketing,Coordenador,10,6730.47,5414.2,43,Feminino,Mestrado,Divorciado,3,44,11.6,3,6,1
486,RH,Assistente,13,4851.5,4246.94,23,Outro,Graduação,Casado,2,44,20.7,4,18,0
487,Marketing,Assistente,5,4837.73,2700.56,40,Outro,Pós-graduação,Divorciado,1,44,16.0,3,10,0
488,Financeiro,Gerente,0,6814.44,6000.0,29,Outro,Graduação,Viúvo,1,40,49.7,2,3,0
489,RH,Gerente,8,8309.68,7020.51,21,Outro,Pós-graduação,Casado,2,30,25.1,3,13,1
490,RH,Analista,18,5641.67,4983.09,62,Masculino,Mestrado,Divorciado,2,30,27.4,3,17,0
491,Vendas,Coordenador,4,6914.61,4442.07,65,Masculino,Ensino Médio,Viúvo,2,40,6.0,4,44,1
492,TI,Analista,12,5846.94,5849.87,52,Masculino,Doutorado,Divorciado,3,40,11.9,1,35,1
493,TI,Analista,20,5475.44,8869.05,24,Feminino,Graduação,Solteiro,3,30,42.6,4,52,0
494,Vendas,Assistente,19,4335.32,5470.75,60,Masculino,Doutorado,Casado,4,40,3.5,3,13,1
495,Vendas,Coordenador,2,5904.5,4297.58,43,Masculino,Pós-graduação,Casado,3,36,42.9,4,6,1
496,Financeiro,Gerente,3,8205.78,6847.0,62,Feminino,Doutorado,Viúvo,5,40,22.4,1,46,1
497,Marketing,Coordenador,1,7177.91,4260.59,29,Feminino,Ensino Médio,Solteiro,3,30,41.0,4,48,0
498,Operações,Gerente,3,7389.14,6783.71,53,Masculino,Graduação,Solteiro,3,44,9.1,4,55,0
499,Operações,Analista,13,5813.08,5604.25,63,Outro,Mestrado,Casado,1,40,24.6,2,6,0
500,Vendas,Coordenador,10,5901.88,5358.37,33,Outro,Mestrado,Casado,0,40,11.0,4,31,1
501,Financeiro,Assistente,10,4755.1,3911.48,47,Feminino,Graduação,Viúvo,5,44,45.4,2,51,1
502,Financeiro,Assistente,20,5187.35,6032.55,21,Feminino,Doutorado,Casado,1,44,25.8,2,52,0
503,Operações,Gerente,12,7011.56,9553.14,19,Outro,Pós-graduação,Viúvo,1,30,35.3,1,44,1
504,Marketing,Gerente,9,7046.2,7945.43,46,Masculino,Doutorado,Viúvo,3,30,4.2,4,40,1
505,Financeiro,Assistente,11,4308.12,3746.5,47,Feminino,Doutorado,Viúvo,0,40,34.2,2,50,0
506,TI,Coordenador,5,6510.07,5472.79,45,Feminino,Doutorado,Casado,0,36,43.4,4,29,0
507,RH,Gerente,6,6416.44,7179.11,25,Feminino,Pós-graduação,Casado,0,30,4.9,3,31,1
508,Financeiro,Analista,1,5402.87,3100.01,42,Masculino,Pós-graduação,Divorciado,1,30,13.0,2,47,0
509,TI,Analista,0,5431.44,3000.0,47,Outro,Doutorado,Casado,5,30,27.9,3,59,0
510,Financeiro,Analista,9,6192.77,4516.65,54,Outro,Mestrado,Viúvo,1,44,13.0,4,24,0
511,Vendas,Assistente,5,4774.37,3098.69,37,Feminino,Graduação,Solteiro,5,44,20.1,3,22,0
512,RH,Assistente,8,4745.71,3614.36,45,Outro,Pós-graduação,Divorciado,4,44,19.7,3,4,0
513,Financeiro,Analista,17,5559.02,7762.05,38,Feminino,Doutorado,Divorciado,0,36,24.1,4,30,0
514,Marketing,Analista,3,5244.21,3603.99,61,Feminino,Doutorado,Divorciado,1,40,34.7,2,29,0
515,RH,Coordenador,13,6418.01,7145.6,46,Feminino,Graduação,Solteiro,4,30,48.3,3,26,0
516,Marketing,Coordenador,14,5953.47,6464.13,30,Outro,Ensino Médio,Casado,4,30,39.9,2,39,0
517,RH,Gerente,4,7470.24,6894.95,55,Outro,Graduação,Divorciado,0,44,12.9,4,3,0
518,TI,Gerente,3,6594.42,6756.45,38,Masculino,Graduação,Solteiro,5,36,6.3,4,34,1
519,Marketing,Assistente,4,4889.14,2879.09,51,Masculino,Doutorado,Solteiro,1,40,28.8,1,6,0
520,TI,Analista,15,6298.16,6052.88,57,Outro,Doutorado,Divorciado,0,30,6.1,1,54,1
521,Vendas,Assistente,19,4807.96,6612.93,39,Outro,Pós-graduação,Casado,3,44,21.4,1,60,0
522,Vendas,Assistente,19,5117.45,6619.75,52,Masculino,Ensino Médio,Solteiro,2,44,38.0,4,13,1
523,Financeiro,Assistente,3,4536.43,2677.74,51,Masculino,Ensino Médio,Viúvo,1,30,2.3,1,34,1
524,RH,Gerente,16,8508.86,9930.28,50,Feminino,Ensino Médio,Casado,3,40,6.2,1,26,0
525,Vendas,Assistente,11,4584.53,3915.05,20,Outro,Graduação,Solteiro,5,30,22.5,2,39,1
526,TI,Assistente,19,5096.36,7191.04,55,Feminino,Ensino Médio,Divorciado,1,40,5.4,2,8,1
527,RH,Assistente,7,4291.97,2994.11,18,Masculino,Graduação,Viúvo,2,30,30.9,3,35,1
528,Financeiro,Coordenador,15,7562.15,6341.62,56,Outro,Mestrado,Divorciado,5,30,9.3,1,53,0
529,RH,Analista,12,5988.79,5584.75,36,Feminino,Ensino Médio,Divorciado,2,44,22.3,3,7,1
530,TI,Gerente,10,6982.7,8291.54,29,Feminino,Mestrado,Divorciado,2,44,18.6,4,48,1
531,Vendas,Gerente,3,6381.74,6701.32,36,Masculino,Mestrado,Viúvo,5,30,29.6,4,7,1
532,Financeiro,Gerente,6,7970.71,7237.41,19,Outro,Pós-graduação,Solteiro,5,30,24.3,3,39,0
533,Financeiro,Analista,9,5814.52,4284.17,56,Outro,Graduação,Viúvo,2,36,44.6,3,5,0
534,Vendas,Assistente,4,4818.43,2961.85,65,Feminino,Mestrado,Viúvo,2,30,19.6,3,57,0
535,Marketing,Assistente,6,4178.43,2764.77,64,Outro,Mestrado,Viúvo,3,44,9.9,2,27,0
536,Marketing,Analista,16,6166.18,6166.24,55,Masculino,Pós-graduação,Casado,5,36,27.5,2,42,0
537,TI,Analista,0,6352.05,3000.0,24,Feminino,Mestrado,Viúvo,3,36,17.1,1,58,1
538,Financeiro,Assistente,10,4937.27,3063.41,40,Outro,Graduação,Casado,5,40,13.4,1,11,0
539,Financeiro,Coordenador,19,5983.53,8845.48,48,Feminino,Ensino Médio,Viúvo,3,40,48.2,2,54,1
540,RH,Gerente,15,8134.71,7706.55,33,Feminino,Pós-graduação,Viúvo,4,44,33.2,4,22,0
541,Financeiro,Gerente,10,8178.45,8794.28,42,Feminino,Graduação,Divorciado,3,30,1.7,2,5,0
542,Financeiro,Analista,5,5632.72,4066.76,21,Masculino,Doutorado,Viúvo,5,30,29.1,2,46,1
543,RH,Gerente,2,6753.07,6403.24,30,Outro,Doutorado,Solteiro,1,30,32.5,1,38,1
544,Financeiro,Assistente,18,4567.03,4129.96,18,Masculino,Mestrado,Solteiro,2,44,27.4,3,56,1
545,Operações,Coordenador,8,6774.05,4966.03,37,Masculino,Doutorado,Casado,1,44,28.8,2,31,0
546,Vendas,Gerente,20,7679.07,11414.15,25,Feminino,Doutorado,Viúvo,1,30,8.5,4,52,1
547,TI,Gerente,17,7823.66,10097.23,63,Masculino,Doutorado,Solteiro,4,40,44.4,4,29,1
548,TI,Gerente,0,8057.71,6000.0,54,Masculino,Pós-graduação,Casado,4,30,42.7,3,38,0
549,TI,Coordenador,14,6605.42,7400.97,36,Outro,Doutorado,Viúvo,1,40,22.7,3,57,0
550,Operações,Coordenador,13,5970.47,7006.21,37,Outro,Pós-graduação,Divorciado,1,44,21.3,4,27,0
551,RH,Analista,8,6124.97,4219.35,25,Feminino,Doutorado,Divorciado,5,36,7.5,1,31,1
552,TI,Assistente,11,4619.55,3473.29,62,Masculino,Graduação,Divorciado,4,44,24.8,4,22,0
553,Marketing,Assistente,20,4990.91,5831.93,53,Feminino,Mestrado,Viúvo,3,36,42.3,2,10,1
554,Financeiro,Coordenador,17,6674.39,6130.18,18,Feminino,Pós-graduação,Divorciado,2,30,2.1,3,11,1
555,RH,Assistente,3,4566.74,2536.63,54,Feminino,Graduação,Divorciado,0,36,35.7,1,41,0
556,Marketing,Gerente,10,8259.02,8137.5,21,Feminino,Graduação,Divorciado,3,30,31.5,2,50,0
557,TI,Assistente,12,4480.96,5188.94,65,Masculino,Mestrado,Solteiro,2,30,7.6,1,22,0
558,Operações,Assistente,14,5069.61,4278.17,52,Outro,Pós-graduação,Casado,4,36,20.5,1,55,1
559,Financeiro,Assistente,11,4359.61,4517.49,22,Masculino,Doutorado,Divorciado,5,30,18.7,3,41,0
560,TI,Analista,10,5712.93,5253.73,49,Outro,Pós-graduação,Viúvo,5,36,6.1,1,25,0
561,Financeiro,Gerente,3,7672.36,6627.18,38,Outro,Pós-graduação,Solteiro,4,30,26.4,1,42,0
562,Operações,Gerente,14,7769.77,7437.48,61,Feminino,Pós-graduação,Casado,0,36,10.5,1,20,0
563,Marketing,Coordenador,11,5601.59,6645.02,32,Outro,Doutorado,Solteiro,5,30,5.2,4,43,0
564,Financeiro,Assistente,20,5133.04,7330.01,58,Feminino,Doutorado,Divorciado,3,36,27.4,2,36,1
565,Financeiro,Assistente,17,5216.73,5691.7,58,Outro,Ensino Médio,Solteiro,4,30,34.9,1,17,1
566,Financeiro,Coordenador,5,6846.51,5225.39,54,Masculino,Doutorado,Solteiro,1,44,47.5,4,13,0
567,Vendas,Assistente,10,4689.19,4028.75,57,Feminino,Mestrado,Divorciado,3,30,7.2,4,50,0
568,Marketing,Coordenador,18,6578.03,8604.48,24,Feminino,Mestrado,Casado,2,40,3.5,2,46,1
569,RH,Gerente,16,7858.32,8190.15,65,Feminino,Doutorado,Solteiro,2,40,17.2,2,49,1
570,Operações,Analista,6,6453.52,3959.62,27,Outro,Graduação,Solteiro,5,36,44.0,4,51,1
571,Marketing,Assistente,3,5087.36,2395.77,34,Feminino,Mestrado,Viúvo,0,44,29.4,4,15,1
572,TI,Coordenador,2,6571.82,4548.71,56,Feminino,Ensino Médio,Solteiro,3,44,39.5,3,41,0
573,Marketing,Analista,19,6407.79,5250.68,62,Outro,Doutorado,Casado,1,40,16.4,4,38,1
574,Operações,Gerente,0,7378.71,6000.0,19,Masculino,Mestrado,Casado,4,36,34.6,1,58,1
575,Operações,Analista,3,6024.47,3690.49,32,Masculino,Ensino Médio,Solteiro,5,44,32.0,4,14,1
576,Operações,Gerente,8,8020.28,7548.07,39,Masculino,Graduação,Casado,0,30,47.3,3,39,0
577,Marketing,Analista,2,5819.34,3207.58,45,Masculino,Ensino Médio,Casado,5,44,36.7,3,22,1
578,Vendas,Analista,20,5960.15,6421.68,40,Feminino,Pós-graduação,Divorciado,1,40,30.4,4,31,1
579,Financeiro,Coordenador,20,6504.12,7641.95,54,Masculino,Mestrado,Viúvo,3,36,1.3,4,38,1
580,TI,Coordenador,20,6455.02,7389.56,59,Masculino,Pós-graduação,Solteiro,4,30,8.9,2,44,1
581,Marketing,Assistente,13,4822.77,3353.5,29,Masculino,Ensino Médio,Divorciado,4,36,14.9,1,38,0
582,Financeiro,Gerente,4,7690.86,6482.93,32,Outro,Pós-graduação,Casado,1,36,27.5,1,32,0
583,Vendas,Gerente,3,6480.95,6415.38,55,Outro,Graduação,Viúvo,4,40,11.1,1,4,1
584,Vendas,Assistente,1,4306.5,2219.73,64,Masculino,Doutorado,Solteiro,2,44,13.3,1,22,1
585,Vendas,Gerente,2,7269.26,6307.12,43,Masculino,Mestrado,Casado,1,30,48.3,3,20,0
586,Vendas,Assistente,17,4648.66,5843.11,50,Outro,Graduação,Casado,2,30,41.9,2,59,1
587,RH,Gerente,8,6937.74,7666.6,46,Feminino,Graduação,Casado,1,44,39.7,1,36,0
588,TI,Assistente,0,5045.69,2000.0,51,Masculino,Ensino Médio,Viúvo,4,40,5.5,4,28,1
589,Vendas,Gerente,3,8674.05,6467.67,35,Masculino,Ensino Médio,Solteiro,3,40,7.0,2,57,0
590,Vendas,Gerente,16,8633.93,8552.88,54,Outro,Doutorado,Solteiro,4,40,28.2,4,56,0
591,Financeiro,Analista,7,5528.59,3946.66,33,Masculino,Pós-graduação,Viúvo,2,40,9.0,2,46,1
592,Marketing,Analista,0,6385.47,3000.0,20,Masculino,Mestrado,Viúvo,3,44,34.7,1,18,0
593,Marketing,Gerente,19,7050.88,11606.73,43,Feminino,Ensino Médio,Casado,4,40,42.2,2,4,0
594,Financeiro,Gerente,11,7637.03,9091.01,46,Feminino,Doutorado,Casado,0,36,10.6,3,39,0
595,RH,Assistente,16,5035.37,4856.04,24,Masculino,Ensino Médio,Viúvo,4,36,27.1,3,54,0
596,Operações,Analista,16,6034.03,6741.95,32,Feminino,Pós-graduação,Casado,3,36,8.1,4,54,0
597,RH,Analista,20,6481.42,6306.38,34,Masculino,Ensino Médio,Viúvo,2,44,45.5,3,1,0
598,Marketing,Coordenador,19,7399.13,6792.37,33,Feminino,Ensino Médio,Divorciado,1,40,19.2,2,38,1
599,RH,Analista,6,5932.73,4021.87,61,Feminino,Ensino Médio,Solteiro,2,36,36.1,4,15,0
600,Financeiro,Gerente,12,8463.81,8965.22,59,Outro,Pós-graduação,Solteiro,2,40,43.8,1,40,1
601,Operações,Analista,7,5921.76,4213.88,60,Feminino,Ensino Médio,Viúvo,4,40,41.0,4,29,0
602,TI,Gerente,1,7082.38,6136.22,52,Masculino,Graduação,Solteiro,5,30,25.4,1,19,1
603,Vendas,Assistente,18,4779.45,4111.36,36,Feminino,Mestrado,Viúvo,3,36,42.7,1,54,0
604,Vendas,Assistente,15,5323.63,6331.8,38,Masculino,Mestrado,Divorciado,3,40,45.2,3,59,0
605,Financeiro,Coordenador,10,6957.0,5409.66,24,Masculino,Mestrado,Solteiro,1,40,40.4,2,25,1
606,Operações,Assistente,5,4456.85,2865.57,37,Feminino,Doutorado,Solteiro,1,36,11.4,4,22,1
607,Financeiro,Coordenador,5,7535.32,5008.29,60,Feminino,Doutorado,Casado,4,36,24.1,2,2,1
608,RH,Assistente,3,4933.88,2685.07,35,Outro,Mestrado,Viúvo,2,36,42.8,1,43,0
609,Financeiro,Coordenador,9,6149.68,6176.92,50,Outro,Doutorado,Divorciado,3,40,11.3,1,7,1
610,RH,Gerente,6,7913.66,7632.28,41,Feminino,Doutorado,Casado,0,36,45.2,2,20,1
611,Marketing,Assistente,14,5080.44,5588.11,40,Outro,Mestrado,Viúvo,4,44,27.1,1,18,1
612,Marketing,Gerente,15,7173.2,9500.51,43,Feminino,Pós-graduação,Casado,4,40,23.9,3,39,0
613,Financeiro,Analista,6,5625.56,3970.88,47,Feminino,Ensino Médio,Divorciado,1,36,14.3,2,35,1
614,RH,Analista,19,5785.54,5891.5,27,Feminino,Ensino Médio,Solteiro,4,36,4.5,3,20,0
615,Vendas,Coordenador,10,6680.3,5283.28,34,Masculino,Doutorado,Viúvo,4,30,8.4,3,11,1
616,Operações,Coordenador,9,6604.18,6098.78,25,Outro,Graduação,Solteiro,4,30,45.2,1,10,1
617,TI,Gerente,1,6887.62,6263.98,32,Masculino,Ensino Médio,Solteiro,3,30,49.9,3,50,1
618,Vendas,Coordenador,9,6322.78,5182.56,43,Feminino,Mestrado,Divorciado,5,36,1.7,1,33,0
619,Operações,Assistente,6,4716.83,3783.26,40,Feminino,Ensino Médio,Divorciado,4,30,1.3,4,14,0
620,TI,Gerente,20,7560.93,11225.6,59,Masculino,Mestrado,Casado,5,30,34.3,3,34,0
621,Marketing,Analista,13,6227.89,6649.59,38,Masculino,Ensino Médio,Viúvo,0,44,3.7,4,15,0
622,Financeiro,Analista,13,6427.32,6632.0,63,Masculino,Mestrado,Solteiro,4,44,37.8,2,59,1
623,Vendas,Assistente,10,4879.83,3344.74,20,Outro,Ensino Médio,Viúvo,2,40,38.0,3,22,1
624,Marketing,Analista,18,6265.46,6092.67,22,Masculino,Mestrado,Solteiro,0,36,41.7,4,52,0
625,Financeiro,Gerente,0,7986.74,6000.0,57,Masculino,Pós-graduação,Casado,5,40,28.0,1,55,0
626,TI,Coordenador,9,6787.8,6377.94,52,Outro,Doutorado,Divorciado,2,40,18.1,4,55,1
627,Financeiro,Assistente,7,4903.49,3344.53,40,Masculino,Doutorado,Divorciado,0,36,26.5,2,49,0
628,Financeiro,Coordenador,7,6631.4,5265.36,37,Feminino,Mestrado,Solteiro,2,40,42.5,1,40,0
629,RH,Coordenador,7,6501.82,5690.97,22,Masculino,Mestrado,Solteiro,5,36,28.4,4,40,1
630,Operações,Assistente,6,4841.75,2701.89,27,Masculino,Graduação,Casado,2,40,27.0,3,56,0
631,Vendas,Assistente,12,4717.76,4533.08,45,Feminino,Mestrado,Casado,5,30,35.9,4,29,0
632,Operações,Coordenador,11,6466.52,5707.47,49,Feminino,Ensino Médio,Casado,4,30,39.9,3,39,0
633,Financeiro,Gerente,7,7988.99,6867.51,42,Masculino,Ensino Médio,Divorciado,4,44,17.0,4,24,0
634,RH,Gerente,17,7087.52,9407.46,36,Feminino,Doutorado,Solteiro,3,44,43.7,2,59,1
635,Marketing,Assistente,17,4737.51,5157.56,32,Feminino,Ensino Médio,Divorciado,1,44,7.4,2,12,0
636,Vendas,Analista,2,5181.92,3543.4,64,Feminino,Doutorado,Divorciado,2,30,8.8,4,54,1
637,RH,Analista,11,5929.15,4440.5,44,Outro,Graduação,Solteiro,1,30,21.2,4,60,1
638,Financeiro,Coordenador,15,6072.25,8268.03,53,Outro,Mestrado,Divorciado,5,44,34.5,2,44,0
639,Vendas,Assistente,3,4335.68,2694.86,60,Masculino,Ensino Médio,Viúvo,5,36,1.6,3,57,0
640,RH,Assistente,0,4904.68,2000.0,56,Masculino,Pós-graduação,Divorciado,1,30,2.6,1,12,0
641,TI,Assistente,11,4789.17,4273.77,45,Outro,Doutorado,Casado,4,30,25.1,4,13,1
642,RH,Gerente,9,6780.33,8373.5,32,Masculino,Mestrado,Viúvo,2,30,9.4,2,35,0
643,Financeiro,Coordenador,1,6063.96,4164.75,25,Outro,Graduação,Solteiro,1,36,25.8,2,49,0
644,Operações,Coordenador,19,6796.08,9306.32,48,Feminino,Doutorado,Viúvo,4,30,19.2,3,15,0
645,TI,Assistente,9,4870.7,4490.72,46,Feminino,Graduação,Divorciado,1,30,33.9,1,44,0
646,Marketing,Gerente,17,8704.84,9859.61,53,Outro,Pós-graduação,Solteiro,3,44,3.6,4,59,0
647,Vendas,Gerente,17,7680.02,10116.99,34,Masculino,Pós-graduação,Viúvo,2,40,10.7,1,56,0
648,Operações,Assistente,14,4719.27,5771.41,52,Masculino,Ensino Médio,Divorciado,4,40,40.9,1,22,1
649,RH,Analista,13,5777.37,5658.59,63,Outro,Ensino Médio,Viúvo,4,36,32.2,2,8,1
650,Marketing,Analista,17,5991.86,6351.64,21,Masculino,Pós-graduação,Divorciado,4,36,30.2,3,31,1
651,RH,Assistente,16,5151.52,3914.18,50,Outro,Pós-graduação,Viúvo,1,44,42.5,2,55,1
652,Operações,Analista,10,5731.37,4152.18,45,Outro,Graduação,Casado,5,44,24.1,1,5,1
653,Operações,Gerente,15,7061.73,7946.77,49,Outro,Pós-graduação,Casado,1,30,37.4,2,19,1
654,Marketing,Gerente,5,7871.4,6851.32,20,Masculino,Pós-graduação,Divorciado,1,40,27.9,1,44,0
655,Operações,Assistente,8,5377.06,3988.37,64,Masculino,Pós-graduação,Viúvo,1,30,19.2,2,49,0
656,Vendas,Coordenador,10,6516.79,6594.37,65,Outro,Mestrado,Divorciado,3,36,28.1,4,24,0
657,RH,Analista,15,6231.39,5950.58,51,Masculino,Mestrado,Viúvo,3,40,2.3,4,52,0
658,RH,Analista,11,6604.78,5279.89,46,Masculino,Ensino Médio,Casado,1,30,17.5,1,51,1
659,Marketing,Coordenador,19,7830.91,7936.56,51,Feminino,Doutorado,Viúvo,3,36,16.2,2,43,1
660,TI,Assistente,18,4986.07,5490.07,53,Outro,Ensino Médio,Casado,4,30,27.6,2,12,0
661,TI,Coordenador,16,5383.15,7083.7,26,Masculino,Mestrado,Solteiro,5,40,22.0,4,35,0
662,TI,Assistente,7,4962.22,3390.51,20,Masculino,Doutorado,Viúvo,4,30,9.8,1,47,0
663,RH,Gerente,1,7005.75,6136.13,50,Outro,Doutorado,Viúvo,1,44,9.6,3,33,1
664,Operações,Analista,18,6390.18,6354.52,26,Outro,Mestrado,Divorciado,3,40,43.4,3,46,0
665,RH,Analista,5,6430.64,4080.98,18,Feminino,Graduação,Solteiro,1,44,19.4,3,48,0
666,Financeiro,Coordenador,0,7588.88,4000.0,55,Masculino,Pós-graduação,Casado,5,30,12.2,3,57,1
667,TI,Coordenador,17,6659.2,8204.13,65,Masculino,Pós-graduação,Casado,4,40,47.1,1,4,0
668,Operações,Assistente,12,5004.02,3492.31,46,Feminino,Pós-graduação,Casado,2,30,25.0,2,34,0
669,RH,Gerente,9,8057.94,7948.0,27,Outro,Doutorado,Solteiro,2,30,8.5,2,48,1
670,RH,Assistente,0,5061.55,2000.0,34,Outro,Ensino Médio,Casado,4,30,26.0,3,33,0
671,Financeiro,Assistente,17,4860.19,5502.89,39,Masculino,Mestrado,Solteiro,3,44,34.1,4,8,0
672,Financeiro,Analista,13,6592.39,6427.17,30,Outro,Ensino Médio,Solteiro,0,30,15.0,4,2,0
673,Financeiro,Analista,7,5769.58,4327.16,40,Masculino,Graduação,Divorciado,1,44,13.2,3,50,0
674,TI,Assistente,20,5123.53,7434.36,33,Feminino,Graduação,Solteiro,0,36,22.8,3,47,0
675,Vendas,Coordenador,14,6365.46,6017.02,33,Feminino,Mestrado,Solteiro,3,44,28.9,2,17,1
676,Financeiro,Gerente,20,7716.06,9214.43,56,Outro,Doutorado,Casado,0,44,17.9,1,1,1
677,Marketing,Coordenador,16,7346.22,5720.19,43,Feminino,Mestrado,Casado,3,44,1.3,4,50,0
678,Marketing,Coordenador,7,6628.06,4752.04,52,Masculino,Mestrado,Solteiro,4,44,9.8,4,51,1
679,Vendas,Assistente,4,4839.82,2902.23,38,Feminino,Ensino Médio,Solteiro,5,44,5.4,1,20,1
680,TI,Assistente,8,4556.96,4309.57,34,Masculino,Doutorado,Viúvo,0,44,15.6,4,34,0
681,Vendas,Analista,9,6099.12,4631.16,48,Outro,Mestrado,Viúvo,0,40,4.4,2,20,0
682,TI,Coordenador,12,6508.3,5559.51,62,Outro,Mestrado,Casado,5,36,15.2,3,34,1
683,TI,Gerente,15,7899.18,8655.59,21,Masculino,Ensino Médio,Viúvo,5,36,24.1,2,29,1
684,TI,Coordenador,19,6758.74,9155.26,46,Outro,Pós-graduação,Solteiro,4,44,6.0,4,24,1
685,Financeiro,Analista,13,5808.81,6190.63,24,Feminino,Mestrado,Solteiro,2,36,40.9,3,23,0
686,RH,Assistente,10,4932.49,4006.64,62,Outro,Pós-graduação,Divorciado,2,36,27.9,2,51,1
687,TI,Assistente,3,4851.74,2899.87,56,Outro,Ensino Médio,Divorciado,3,40,17.4,1,3,1
688,RH,Analista,18,6352.05,5877.88,43,Outro,Graduação,Casado,1,30,3.6,1,18,1
689,RH,Gerente,15,7834.05,9197.04,50,Outro,Doutorado,Viúvo,3,30,27.6,3,57,0
690,TI,Assistente,7,5148.8,2785.65,38,Outro,Mestrado,Solteiro,0,36,6.5,4,58,0
691,Marketing,Assistente,11,4244.56,4928.87,54,Feminino,Graduação,Divorciado,3,40,36.7,3,6,0
692,Marketing,Analista,20,5525.71,5821.33,53,Masculino,Ensino Médio,Solteiro,0,40,5.2,3,54,0
693,Vendas,Coordenador,20,6195.34,6694.52,60,Outro,Doutorado,Divorciado,4,36,29.0,1,33,0
694,Operações,Assistente,3,4921.65,2479.6,64,Masculino,Ensino Médio,Divorciado,3,40,3.2,3,59,0
695,RH,Assistente,2,4770.84,2307.82,64,Masculino,Pós-graduação,Divorciado,3,36,5.4,3,9,0
696,TI,Assistente,20,5013.74,5636.95,21,Masculino,Ensino Médio,Solteiro,4,36,28.7,3,38,0
697,RH,Assistente,17,4661.72,3965.84,42,Masculino,Pós-graduação,Divorciado,4,44,30.8,3,19,0
698,TI,Analista,0,5357.15,3000.0,45,Feminino,Ensino Médio,Casado,5,36,13.1,2,29,1
699,Marketing,Gerente,14,7921.19,9559.92,41,Outro,Doutorado,Viúvo,3,40,8.0,3,24,1
700,Financeiro,Gerente,13,6822.05,8735.28,18,Masculino,Pós-graduação,Solteiro,4,30,28.2,1,9,0
701,Marketing,Coordenador,0,6068.46,4000.0,41,Outro,Doutorado,Divorciado,5,30,39.2,3,6,0
702,Financeiro,Coordenador,4,5955.8,5138.78,19,Feminino,Pós-graduação,Solteiro,4,40,37.1,3,41,0
703,Vendas,Coordenador,6,7324.99,5710.87,65,Outro,Ensino Médio,Divorciado,4,36,5.1,1,1,0
704,TI,Gerente,16,8404.75,7831.94,51,Feminino,Pós-graduação,Solteiro,3,36,17.0,4,52,1
705,RH,Analista,1,6505.8,3166.15,37,Masculino,Mestrado,Solteiro,4,44,44.2,3,30,0
706,Marketing,Assistente,3,5132.87,2411.08,43,Feminino,Doutorado,Viúvo,3,44,3.3,2,23,0
707,Vendas,Gerente,6,7855.82,6954.94,22,Outro,Doutorado,Casado,0,30,20.9,4,31,1
708,RH,Analista,16,5700.69,6770.45,44,Outro,Mestrado,Solteiro,2,36,42.8,3,13,1
709,Operações,Analista,8,6333.17,5042.29,64,Feminino,Mestrado,Casado,4,40,1.1,4,46,0
710,Financeiro,Coordenador,18,5769.31,6120.22,49,Outro,Graduação,Viúvo,4,40,2.0,4,11,1
711,TI,Assistente,2,5178.87,2273.02,55,Masculino,Graduação,Divorciado,0,36,43.2,1,19,1
712,Vendas,Analista,20,6408.36,7387.82,35,Feminino,Pós-graduação,Viúvo,1,36,26.0,3,40,0
713,Vendas,Gerente,6,7958.04,7649.26,58,Outro,Doutorado,Divorciado,1,44,47.2,3,38,0
714,Vendas,Gerente,10,6729.69,8971.38,43,Masculino,Graduação,Viúvo,1,40,13.4,3,60,1
715,Operações,Coordenador,18,6574.27,8919.54,41,Outro,Ensino Médio,Solteiro,2,30,29.2,4,36,1
716,Marketing,Assistente,16,4659.67,4901.86,23,Outro,Ensino Médio,Divorciado,5,30,19.2,3,9,1
717,Vendas,Assistente,11,5124.08,4148.73,38,Outro,Pós-graduação,Casado,0,44,1.8,4,20,0
718,Financeiro,Analista,11,5570.95,4734.0,58,Feminino,Ensino Médio,Divorciado,0,44,22.3,4,52,0
719,TI,Coordenador,4,5737.46,4821.14,20,Masculino,Doutorado,Casado,4,40,38.2,3,49,0
720,Marketing,Analista,5,5773.01,3754.3,34,Feminino,Pós-graduação,Viúvo,5,44,23.7,4,16,0
721,Marketing,Assistente,12,4843.86,3270.56,51,Feminino,Doutorado,Viúvo,0,40,44.4,2,13,0
722,RH,Analista,1,5724.54,3149.28,62,Outro,Graduação,Viúvo,2,40,4.9,1,46,0
723,Marketing,Coordenador,5,7085.55,4914.35,53,Masculino,Ensino Médio,Divorciado,1,30,18.8,3,23,0
724,Operações,Gerente,13,7594.89,8158.22,25,Feminino,Graduação,Solteiro,3,44,38.3,1,9,1
725,RH,Gerente,17,6726.85,8601.69,58,Feminino,Graduação,Viúvo,1,44,13.9,2,21,0
726,RH,Analista,9,6180.12,5216.86,60,Masculino,Mestrado,Viúvo,5,40,11.5,1,13,0
727,RH,Gerente,4,7108.62,7068.46,57,Masculino,Doutorado,Solteiro,2,44,30.4,1,55,0
728,Marketing,Analista,0,6704.58,3000.0,58,Outro,Ensino Médio,Divorciado,0,30,15.1,1,8,0
729,Vendas,Gerente,0,6248.64,6000.0,38,Feminino,Graduação,Divorciado,5,44,14.4,4,25,1
730,Financeiro,Coordenador,13,6140.39,5676.52,40,Feminino,Ensino Médio,Divorciado,2,40,28.1,2,22,1
731,RH,Coordenador,3,6471.08,4898.85,64,Outro,Graduação,Viúvo,1,36,7.3,3,11,1
732,Operações,Analista,6,6565.66,4573.17,29,Feminino,Ensino Médio,Viúvo,3,30,34.9,3,22,0
733,Marketing,Coordenador,1,5909.46,4144.94,22,Feminino,Doutorado,Casado,2,40,23.7,4,46,0
734,Vendas,Coordenador,2,5509.95,4539.82,22,Outro,Mestrado,Casado,5,44,3.7,2,1,1
735,Vendas,Coordenador,10,6896.64,5688.63,21,Masculino,Ensino Médio,Solteiro,2,30,36.0,2,30,1
736,Marketing,Analista,11,6750.82,4723.31,39,Feminino,Graduação,Casado,4,30,18.3,1,8,0
737,Marketing,Coordenador,3,6241.48,4432.04,32,Outro,Graduação,Divorciado,4,44,20.7,4,9,1
738,Vendas,Gerente,2,7988.99,6445.17,37,Masculino,Graduação,Casado,4,30,44.6,2,0,0
739,Operações,Coordenador,12,6493.22,6869.61,39,Feminino,Mestrado,Divorciado,1,44,43.8,1,13,1
740,RH,Assistente,4,4822.62,2849.11,45,Outro,Doutorado,Viúvo,3,40,34.3,3,15,1
741,Marketing,Analista,13,6324.85,6693.85,34,Feminino,Graduação,Solteiro,2,44,32.6,4,48,1
742,TI,Coordenador,16,6408.22,6964.58,50,Masculino,Pós-graduação,Solteiro,3,36,35.8,4,2,0
743,RH,Assistente,17,4617.8,6499.31,22,Feminino,Graduação,Viúvo,3,44,35.2,2,49,1
744,Vendas,Gerente,9,7490.51,8128.8,29,Outro,Ensino Médio,Casado,4,40,30.4,3,18,0
745,Operações,Analista,17,5794.06,8057.52,35,Feminino,Pós-graduação,Divorciado,0,36,31.2,1,23,0
746,Vendas,Analista,3,6920.56,3572.54,47,Masculino,Graduação,Solteiro,1,30,36.5,4,54,0
747,Operações,Analista,2,6076.08,3478.48,46,Feminino,Doutorado,Divorciado,3,40,9.6,4,47,0
748,Financeiro,Assistente,7,5151.79,3454.71,39,Outro,Ensino Médio,Solteiro,2,44,34.2,1,55,0
749,RH,Assistente,2,4635.4,2552.29,41,Outro,Ensino Médio,Solteiro,5,40,3.7,2,43,1
750,TI,Assistente,12,4908.08,4059.01,50,Masculino,Doutorado,Solteiro,4,44,21.2,3,53,0
751,RH,Gerente,1,7387.5,6246.23,23,Outro,Pós-graduação,Viúvo,2,36,10.5,4,1,0
752,Marketing,Gerente,5,6870.93,7334.43,31,Feminino,Mestrado,Solteiro,4,36,21.6,1,51,1
753,Financeiro,Analista,4,6039.56,3643.75,28,Feminino,Pós-graduação,Solteiro,3,30,39.2,3,47,1
754,Vendas,Coordenador,19,6201.35,7617.86,45,Outro,Ensino Médio,Solteiro,3,36,13.6,2,3,0
755,Marketing,Coordenador,16,7317.89,6311.91,20,Masculino,Graduação,Solteiro,2,36,35.0,4,45,1
756,Financeiro,Gerente,14,6519.98,7773.24,45,Masculino,Graduação,Viúvo,3,44,19.2,4,20,0
757,Marketing,Assistente,3,4807.65,2442.13,54,Masculino,Pós-graduação,Divorciado,5,40,21.2,2,52,1
758,RH,Gerente,13,7577.34,7734.38,35,Feminino,Doutorado,Divorciado,3,36,28.2,1,60,1
759,RH,Analista,8,5586.07,3819.33,53,Masculino,Graduação,Solteiro,1,30,7.4,4,43,0
760,RH,Analista,15,6123.44,5087.93,53,Masculino,Pós-graduação,Viúvo,4,44,9.0,1,9,1
761,Operações,Assistente,9,5172.05,2947.8,43,Feminino,Graduação,Solteiro,0,44,26.8,2,11,1
762,Vendas,Gerente,8,7102.41,7772.02,65,Masculino,Doutorado,Casado,4,30,32.1,2,58,0
763,Marketing,Assistente,1,5246.29,2294.98,35,Outro,Mestrado,Divorciado,2,30,15.4,1,9,1
764,TI,Analista,18,5720.21,7681.53,41,Masculino,Pós-graduação,Divorciado,1,44,40.7,4,14,0
765,Financeiro,Assistente,7,4629.59,3579.78,43,Masculino,Pós-graduação,Casado,1,44,43.8,1,41,0
766,Marketing,Assistente,20,4711.16,7208.77,44,Outro,Graduação,Divorciado,4,36,43.3,4,19,0
767,Marketing,Analista,3,6266.69,3391.35,28,Feminino,Ensino Médio,Casado,4,40,6.8,1,47,1
768,Operações,Gerente,9,7360.27,7501.4,56,Masculino,Doutorado,Viúvo,0,30,34.0,3,19,1
769,Financeiro,Gerente,13,7801.25,8365.83,34,Outro,Mestrado,Divorciado,2,44,35.4,2,2,1
770,Financeiro,Assistente,0,4964.44,2000.0,33,Masculino,Doutorado,Solteiro,4,44,17.9,1,45,0
771,Vendas,Analista,1,6424.46,3204.58,27,Masculino,Ensino Médio,Divorciado,0,44,1.4,1,6,1
772,Vendas,Coordenador,6,5997.62,5316.22,61,Feminino,Mestrado,Divorciado,5,44,9.4,3,38,1
773,Vendas,Assistente,8,5236.03,2828.68,41,Masculino,Mestrado,Divorciado,3,44,17.6,4,22,1
774,TI,Assistente,16,5237.29,6299.96,62,Masculino,Graduação,Casado,3,36,36.2,1,13,1
775,RH,Coordenador,8,5943.41,5974.89,24,Outro,Ensino Médio,Solteiro,5,36,37.3,3,39,1
776,RH,Analista,16,6158.11,6310.84,46,Outro,Pós-graduação,Divorciado,2,40,14.7,2,34,0
777,Marketing,Analista,20,5603.65,7675.31,25,Outro,Doutorado,Viúvo,1,36,7.2,4,7,1
778,Marketing,Gerente,9,6405.01,7657.04,21,Masculino,Mestrado,Solteiro,0,44,26.6,2,16,1
779,Vendas,Assistente,4,4654.96,2868.53,33,Feminino,Mestrado,Casado,5,36,33.3,4,6,1
780,RH,Coordenador,4,6625.36,4555.24,24,Feminino,Doutorado,Casado,2,30,41.9,1,30,1
781,TI,Analista,1,6111.16,3135.76,58,Outro,Ensino Médio,Casado,0,40,29.3,3,7,0
782,Marketing,Coordenador,1,6151.59,4221.59,54,Masculino,Ensino Médio,Divorciado,1,36,28.1,3,12,1
783,RH,Coordenador,17,5443.17,6020.52,23,Feminino,Graduação,Divorciado,2,30,12.8,4,44,1
784,RH,Analista,4,6409.12,3412.2,62,Outro,Graduação,Solteiro,0,30,26.2,2,45,0
785,Operações,Assistente,13,4962.98,3769.14,39,Outro,Pós-graduação,Viúvo,0,44,44.9,4,21,1
786,TI,Assistente,16,4745.93,4093.25,29,Outro,Graduação,Divorciado,5,44,32.4,1,16,1
787,RH,Assistente,10,4836.1,3022.85,20,Outro,Pós-graduação,Divorciado,5,40,43.7,3,47,0
788,Financeiro,Coordenador,17,6158.86,8141.87,52,Feminino,Graduação,Divorciado,2,40,27.9,4,34,1
789,Financeiro,Coordenador,14,6372.9,5547.55,23,Feminino,Doutorado,Divorciado,3,40,14.0,1,52,1
790,RH,Assistente,18,4575.56,4826.4,57,Feminino,Ensino Médio,Solteiro,1,40,5.7,4,19,0
791,Operações,Assistente,6,4846.31,2876.38,51,Outro,Pós-graduação,Viúvo,2,44,14.4,4,35,1
792,RH,Analista,4,5861.46,4146.49,42,Outro,Doutorado,Viúvo,2,36,26.3,3,32,0
793,Operações,Coordenador,17,6939.97,8240.89,27,Outro,Doutorado,Divorciado,2,36,24.1,2,15,1
794,Vendas,Analista,6,5783.18,3662.11,61,Masculino,Pós-graduação,Divorciado,3,40,3.6,1,42,1
795,TI,Analista,10,5774.7,4315.27,35,Feminino,Graduação,Divorciado,4,30,38.6,2,25,0
796,TI,Coordenador,2,7215.0,4316.42,38,Feminino,Graduação,Divorciado,1,30,27.7,2,40,0
797,TI,Analista,10,5475.47,4548.1,45,Feminino,Doutorado,Divorciado,5,44,29.6,1,39,1
798,Marketing,Gerente,12,6832.63,9054.02,64,Masculino,Doutorado,Solteiro,4,30,17.1,1,22,1
799,RH,Gerente,18,7805.75,8232.56,31,Feminino,Doutorado,Viúvo,0,44,7.8,2,55,0
800,Operações,Gerente,13,7866.33,7735.33,51,Masculino,Doutorado,Divorciado,3,40,18.5,3,58,1
801,TI,Coordenador,4,6412.3,4661.53,31,Masculino,Pós-graduação,Viúvo,4,30,2.6,4,1,1
802,RH,Assistente,15,4937.67,3815.18,27,Masculino,Graduação,Viúvo,3,40,21.2,1,41,1
803,Vendas,Analista,9,6326.19,4216.52,41,Feminino,Pós-graduação,Divorciado,1,30,12.8,1,21,0
804,Operações,Assistente,5,4835.01,3182.37,26,Outro,Mestrado,Viúvo,5,44,33.9,3,57,0
805,Operações,Coordenador,6,6870.76,5531.96,54,Feminino,Ensino Médio,Divorciado,5,36,31.9,2,29,0
806,Operações,Coordenador,14,7049.29,7761.09,46,Masculino,Doutorado,Casado,1,44,17.4,1,5,0
807,TI,Coordenador,2,6585.71,4536.46,37,Feminino,Graduação,Divorciado,1,30,49.7,4,37,1
808,Operações,Analista,4,5466.24,3861.4,31,Feminino,Ensino Médio,Casado,1,40,4.9,3,5,0
809,Financeiro,Coordenador,10,7118.53,5440.75,35,Feminino,Pós-graduação,Casado,1,40,43.2,1,33,0
810,Marketing,Assistente,0,4674.24,2000.0,63,Masculino,Graduação,Divorciado,3,30,26.8,3,45,1
811,TI,Coordenador,7,7018.01,5720.38,51,Outro,Pós-graduação,Divorciado,4,36,13.0,1,4,1
812,Operações,Gerente,1,7949.07,6165.3,37,Outro,Graduação,Viúvo,3,36,6.0,2,19,1
813,Financeiro,Assistente,4,4513.75,2529.8,43,Outro,Pós-graduação,Casado,4,40,42.0,3,11,1
814,TI,Assistente,1,4953.75,2246.95,63,Outro,Mestrado,Divorciado,0,44,21.6,3,19,1
815,Financeiro,Coordenador,7,6700.59,5061.41,19,Masculino,Graduação,Divorciado,4,40,15.5,3,21,1
816,Financeiro,Gerente,13,9081.46,8238.32,33,Outro,Ensino Médio,Divorciado,2,44,3.9,2,12,0
817,Financeiro,Gerente,0,7192.57,6000.0,48,Feminino,Graduação,Divorciado,0,44,37.2,2,44,0
818,Marketing,Coordenador,19,7000.13,6303.03,35,Masculino,Pós-graduação,Divorciado,3,36,33.8,3,10,1
819,Operações,Analista,14,5875.71,5360.93,61,Outro,Doutorado,Solteiro,4,36,8.6,1,22,1
820,Operações,Analista,8,5969.73,5150.86,44,Feminino,Graduação,Viúvo,5,36,5.0,3,42,1
821,TI,Coordenador,8,5415.7,6239.22,23,Masculino,Mestrado,Divorciado,4,30,40.9,1,53,0
822,TI,Gerente,16,8197.03,10014.91,42,Feminino,Ensino Médio,Viúvo,1,44,42.9,4,46,0
823,Financeiro,Analista,5,6274.92,4495.06,51,Feminino,Doutorado,Viúvo,5,30,42.6,2,26,0
824,Operações,Assistente,0,4537.26,2000.0,50,Feminino,Pós-graduação,Casado,4,44,42.3,4,37,0
825,TI,Gerente,16,7435.93,8880.43,63,Outro,Graduação,Casado,2,40,47.7,2,11,1
826,Vendas,Assistente,7,4800.18,3180.03,47,Outro,Doutorado,Divorciado,1,30,24.5,2,56,0
827,RH,Gerente,20,7715.96,9377.56,19,Masculino,Ensino Médio,Solteiro,1,40,11.6,2,45,0
828,Operações,Coordenador,11,6559.28,6718.03,18,Outro,Ensino Médio,Viúvo,0,40,8.4,3,57,0
829,Financeiro,Analista,20,6205.6,5215.32,47,Outro,Ensino Médio,Solteiro,3,36,34.3,2,21,1
830,TI,Gerente,9,6957.31,8282.28,23,Outro,Pós-graduação,Casado,5,30,37.0,3,60,0
831,Financeiro,Gerente,6,7767.09,7701.42,53,Masculino,Mestrado,Casado,3,36,10.2,1,17,1
832,RH,Gerente,14,7624.2,8046.01,24,Masculino,Graduação,Solteiro,2,40,18.8,1,28,1
833,RH,Analista,17,5478.2,5600.47,28,Outro,Pós-graduação,Viúvo,5,30,45.8,2,6,0
834,Vendas,Gerente,16,7516.31,7604.2,61,Masculino,Mestrado,Casado,5,36,22.1,3,48,0
835,Marketing,Coordenador,12,5915.25,5276.89,58,Masculino,Pós-graduação,Casado,3,44,44.9,2,36,0
836,RH,Coordenador,15,6485.28,7268.15,41,Feminino,Pós-graduação,Divorciado,5,36,26.9,4,56,0
837,Marketing,Gerente,6,6642.94,7240.68,32,Feminino,Mestrado,Divorciado,4,44,17.0,1,38,0
838,Financeiro,Analista,13,5906.18,5435.06,48,Feminino,Ensino Médio,Divorciado,3,36,12.5,2,12,0
839,TI,Analista,9,6611.58,4249.24,37,Outro,Mestrado,Casado,2,36,16.9,4,44,0
840,Operações,Assistente,0,4923.43,2000.0,23,Masculino,Graduação,Casado,3,30,46.7,2,51,1
841,TI,Coordenador,6,6312.63,5155.01,44,Outro,Ensino Médio,Solteiro,5,30,8.5,3,47,1
842,Operações,Assistente,11,5197.91,4671.11,36,Masculino,Mestrado,Divorciado,5,36,17.2,1,18,0
843,Financeiro,Assistente,18,4647.85,6323.86,55,Outro,Graduação,Viúvo,5,40,32.7,3,1,1
844,Operações,Coordenador,16,7030.56,8577.15,25,Feminino,Doutorado,Solteiro,1,30,46.3,2,21,0
845,Financeiro,Analista,17,6275.06,6085.92,26,Feminino,Graduação,Divorciado,4,44,29.6,2,57,0
846,Marketing,Assistente,14,4761.26,4883.55,23,Feminino,Ensino Médio,Viúvo,0,44,15.9,1,13,0
847,Vendas,Assistente,13,4505.92,4051.93,41,Outro,Ensino Médio,Viúvo,1,36,15.1,1,30,1
848,Marketing,Gerente,10,8645.12,7734.43,52,Outro,Graduação,Solteiro,1,44,16.7,3,44,1
849,Financeiro,Gerente,12,8010.5,8572.35,53,Masculino,Mestrado,Viúvo,4,30,6.8,1,5,1
850,Marketing,Assistente,14,4704.22,5774.96,61,Feminino,Mestrado,Divorciado,4,36,18.0,3,60,1
851,Financeiro,Assistente,14,4378.81,5399.88,23,Masculino,Ensino Médio,Divorciado,5,36,47.5,4,46,0
852,Financeiro,Gerente,0,7138.8,6000.0,59,Feminino,Doutorado,Viúvo,1,30,15.7,4,48,1
853,Financeiro,Analista,1,6213.78,3146.09,64,Feminino,Graduação,Solteiro,0,36,32.3,2,29,0
854,Vendas,Gerente,2,6780.48,6438.25,23,Masculino,Doutorado,Viúvo,4,40,26.9,1,31,0
855,Marketing,Analista,3,6332.51,3881.59,55,Outro,Graduação,Casado,5,40,12.3,1,9,0
856,Marketing,Gerente,11,6463.8,7748.53,64,Feminino,Mestrado,Solteiro,5,36,41.7,2,59,0
857,Financeiro,Assistente,1,4873.63,2165.15,53,Outro,Graduação,Viúvo,4,30,26.4,3,52,1
858,Financeiro,Coordenador,7,6341.23,5024.04,56,Outro,Mestrado,Divorciado,1,44,6.9,3,58,0
859,Marketing,Analista,12,5733.1,5680.4,49,Outro,Mestrado,Solteiro,5,44,21.2,2,59,0
860,Marketing,Assistente,3,4444.7,2383.87,57,Masculino,Doutorado,Viúvo,2,44,6.0,1,24,1
861,Financeiro,Gerente,19,7754.6,8995.51,63,Masculino,Pós-graduação,Viúvo,2,36,25.7,2,8,0
862,Vendas,Gerente,13,7452.21,8501.13,59,Masculino,Graduação,Viúvo,0,44,13.7,2,55,1
863,Marketing,Analista,2,5493.32,3502.63,39,Feminino,Graduação,Solteiro,2,40,28.8,3,41,0
864,Financeiro,Assistente,20,4965.15,5931.31,28,Outro,Mestrado,Casado,3,30,45.2,4,53,0
865,Operações,Gerente,6,7243.53,7601.95,49,Feminino,Pós-graduação,Viúvo,4,30,46.8,1,39,0
866,Operações,Gerente,5,8187.69,7407.44,48,Masculino,Doutorado,Viúvo,4,44,45.2,3,50,0
867,RH,Analista,3,6081.58,3636.46,29,Outro,Graduação,Casado,1,30,33.4,3,22,1
868,RH,Coordenador,5,6333.33,4646.54,46,Outro,Mestrado,Viúvo,2,30,48.5,4,23,1
869,Financeiro,Coordenador,6,6810.21,5799.69,49,Masculino,Pós-graduação,Casado,2,36,1.1,3,46,1
870,Operações,Coordenador,7,6188.09,5884.12,58,Outro,Graduação,Viúvo,5,36,44.5,4,37,0
871,TI,Coordenador,12,6089.55,5996.06,38,Feminino,Pós-graduação,Viúvo,4,40,39.3,3,51,1
872,TI,Assistente,14,4790.86,3961.3,49,Outro,Pós-graduação,Casado,2,36,12.8,3,60,0
873,Marketing,Assistente,12,4438.36,3903.12,53,Masculino,Doutorado,Divorciado,3,36,30.2,2,0,1
874,Operações,Gerente,10,7772.4,7834.92,39,Feminino,Pós-graduação,Solteiro,4,36,3.7,2,46,1
875,RH,Gerente,11,8246.63,7868.39,60,Outro,Mestrado,Divorciado,1,40,24.3,1,22,0
876,Financeiro,Analista,19,6430.56,6500.46,63,Feminino,Mestrado,Viúvo,2,44,12.9,4,35,0
877,Vendas,Coordenador,13,6841.05,6297.12,65,Masculino,Mestrado,Solteiro,4,36,45.7,4,37,1
878,Financeiro,Analista,10,5615.27,5974.71,55,Feminino,Doutorado,Divorciado,5,30,5.1,4,28,1
879,Operações,Gerente,4,7975.41,7074.89,46,Masculino,Doutorado,Casado,5,30,29.1,1,32,1
880,RH,Assistente,5,4720.26,2891.86,30,Outro,Ensino Médio,Solteiro,4,40,44.3,3,30,0
881,Marketing,Assistente,18,4966.9,4974.96,60,Feminino,Ensino Médio,Solteiro,1,40,26.1,2,26,1
882,TI,Assistente,11,4528.63,5258.49,19,Feminino,Ensino Médio,Viúvo,4,30,8.3,3,41,1
883,Financeiro,Assistente,6,4283.42,3322.2,24,Outro,Graduação,Casado,2,30,7.6,3,7,0
884,Marketing,Coordenador,1,6156.61,4220.49,56,Outro,Ensino Médio,Viúvo,2,36,38.9,4,0,0
885,Operações,Assistente,16,4416.85,5858.07,44,Outro,Doutorado,Casado,3,40,3.9,1,1,0
886,Marketing,Analista,19,6340.02,7699.55,42,Masculino,Doutorado,Solteiro,5,36,29.2,2,43,1
887,Operações,Gerente,13,8676.02,7455.8,19,Masculino,Doutorado,Viúvo,4,30,5.3,3,35,1
888,Marketing,Analista,4,5951.6,3930.89,63,Feminino,Mestrado,Casado,4,30,38.0,2,47,1
889,Vendas,Gerente,18,7758.91,10713.01,49,Masculino,Ensino Médio,Divorciado,5,36,33.3,1,57,0
890,RH,Assistente,13,4279.82,5309.43,45,Masculino,Doutorado,Divorciado,3,36,21.4,1,11,0
891,TI,Gerente,18,7811.72,9769.27,28,Masculino,Graduação,Viúvo,3,40,44.5,1,46,1
892,Vendas,Analista,14,6086.23,4780.76,63,Feminino,Mestrado,Divorciado,4,30,18.2,2,9,1
893,Financeiro,Gerente,14,6804.46,9522.7,56,Outro,Mestrado,Divorciado,2,30,21.2,3,47,0
894,Marketing,Coordenador,10,6468.47,5747.45,25,Masculino,Mestrado,Solteiro,3,40,17.2,1,18,1
895,Vendas,Analista,12,5770.63,5465.78,40,Feminino,Graduação,Viúvo,1,44,24.2,4,46,0
896,Vendas,Gerente,0,7790.69,6000.0,28,Outro,Mestrado,Viúvo,5,30,25.1,2,58,0
897,Vendas,Assistente,14,5095.74,5494.52,63,Masculino,Ensino Médio,Casado,1,40,3.4,1,54,1
898,Vendas,Assistente,7,5177.79,3540.66,37,Outro,Pós-graduação,Divorciado,0,30,38.3,2,51,1
899,Marketing,Analista,10,5194.86,5622.81,47,Feminino,Doutorado,Viúvo,5,40,46.3,3,31,1
900,RH,Coordenador,14,6307.02,7253.81,63,Feminino,Doutorado,Solteiro,3,30,48.7,4,51,1
901,Marketing,Assistente,17,4416.27,6127.87,56,Masculino,Pós-graduação,Casado,0,44,5.7,2,7,1
902,Vendas,Assistente,8,5366.85,3699.77,60,Masculino,Mestrado,Divorciado,3,44,13.2,2,3,0
903,TI,Assistente,3,5051.97,2400.71,30,Masculino,Graduação,Casado,0,40,37.6,1,14,1
904,RH,Coordenador,6,6796.35,4960.94,36,Masculino,Pós-graduação,Divorciado,3,44,31.2,2,4,0
905,RH,Coordenador,12,7753.58,5874.68,33,Masculino,Pós-graduação,Divorciado,2,44,1.2,3,33,0
906,Vendas,Gerente,18,6468.22,11159.59,58,Masculino,Mestrado,Casado,1,40,43.9,3,6,1
907,Operações,Gerente,16,7828.09,8114.05,58,Feminino,Graduação,Solteiro,5,36,49.3,1,48,0
908,Vendas,Analista,7,5403.14,4095.32,19,Feminino,Graduação,Divorciado,3,44,16.6,4,49,1
909,Vendas,Gerente,18,6862.09,10555.11,42,Masculino,Doutorado,Solteiro,4,36,35.9,1,2,0
910,Financeiro,Coordenador,10,6028.94,6158.32,51,Masculino,Ensino Médio,Viúvo,5,40,47.9,3,45,1
911,Financeiro,Coordenador,3,6102.57,4666.78,41,Outro,Mestrado,Casado,4,36,44.3,1,54,1
912,Financeiro,Gerente,8,7804.31,6883.74,47,Outro,Ensino Médio,Solteiro,3,36,7.3,3,10,0
913,Vendas,Gerente,19,7414.31,8761.25,52,Feminino,Pós-graduação,Casado,2,40,2.1,3,0,1
914,Operações,Coordenador,1,7038.94,4206.09,57,Outro,Pós-graduação,Solteiro,5,36,38.7,3,42,0
915,Marketing,Coordenador,8,7207.59,5567.57,39,Feminino,Doutorado,Solteiro,1,36,41.7,4,28,0
916,Financeiro,Gerente,11,7139.96,8215.32,55,Masculino,Ensino Médio,Casado,2,36,21.1,2,13,0
917,Financeiro,Analista,9,5793.98,5517.92,34,Masculino,Pós-graduação,Casado,1,40,45.1,2,35,0
918,Financeiro,Assistente,19,4686.71,4891.51,31,Feminino,Pós-graduação,Viúvo,2,40,43.8,3,20,1
919,Operações,Gerente,19,7542.93,9392.99,59,Feminino,Mestrado,Solteiro,0,44,42.3,3,53,0
920,Vendas,Coordenador,5,6387.34,5100.94,56,Feminino,Graduação,Viúvo,3,40,30.1,3,43,1
921,Financeiro,Analista,19,6095.28,6298.88,48,Masculino,Doutorado,Viúvo,1,40,47.4,2,22,1
922,Operações,Gerente,2,6899.5,6545.68,50,Outro,Mestrado,Viúvo,5,44,17.0,3,39,0
923,Marketing,Gerente,15,7546.24,8911.06,32,Feminino,Doutorado,Solteiro,0,40,41.1,3,51,1
924,Financeiro,Gerente,19,6946.37,9991.48,30,Feminino,Ensino Médio,Viúvo,1,30,2.0,1,28,1
925,Operações,Assistente,12,4739.71,5499.77,56,Feminino,Mestrado,Divorciado,0,44,12.4,3,40,1
926,Operações,Coordenador,18,5888.37,6732.59,49,Outro,Mestrado,Divorciado,0,40,42.3,4,6,0
927,Operações,Analista,4,6145.91,3451.98,30,Masculino,Graduação,Viúvo,2,30,22.1,1,4,1
928,Operações,Assistente,1,4558.62,2146.02,42,Masculino,Ensino Médio,Solteiro,4,44,44.2,4,29,0
929,Operações,Assistente,10,4854.32,3655.77,51,Feminino,Graduação,Divorciado,2,30,2.6,4,13,0
930,Financeiro,Gerente,16,6433.71,8539.25,21,Feminino,Graduação,Casado,1,36,17.8,4,34,1
931,Operações,Analista,11,6275.62,4912.81,61,Outro,Ensino Médio,Casado,0,30,6.4,3,6,0
932,Financeiro,Coordenador,1,6124.54,4117.56,51,Outro,Ensino Médio,Casado,4,36,43.8,3,8,1
933,TI,Coordenador,0,6821.31,4000.0,28,Masculino,Graduação,Viúvo,4,30,36.6,1,33,1
934,Financeiro,Analista,18,5899.03,5710.24,42,Masculino,Pós-graduação,Divorciado,3,40,27.8,2,18,1
935,TI,Assistente,12,4533.15,3662.72,27,Masculino,Doutorado,Divorciado,0,40,21.0,4,54,1
936,Financeiro,Gerente,19,7202.68,8720.05,47,Outro,Mestrado,Solteiro,2,44,44.7,1,49,0
937,RH,Coordenador,20,6285.97,6534.52,46,Outro,Ensino Médio,Casado,1,36,44.7,3,5,0
938,TI,Coordenador,0,6100.37,4000.0,45,Outro,Doutorado,Casado,2,36,29.7,2,39,1
939,Marketing,Analista,3,5618.28,3496.23,26,Outro,Mestrado,Casado,0,30,30.9,1,1,0
940,Vendas,Coordenador,5,6888.35,5449.4,25,Masculino,Ensino Médio,Solteiro,0,44,42.9,1,19,0
941,Financeiro,Gerente,6,6724.32,7308.17,55,Masculino,Doutorado,Solteiro,3,44,6.8,1,17,1
942,Operações,Analista,6,6187.1,4574.08,52,Outro,Mestrado,Viúvo,4,36,9.5,3,47,0
943,Financeiro,Gerente,3,7382.67,6769.6,39,Masculino,Mestrado,Solteiro,4,44,33.6,3,27,0
944,TI,Gerente,13,7946.78,9287.05,30,Outro,Doutorado,Viúvo,0,30,9.3,2,21,1
945,Marketing,Assistente,20,5188.57,7731.66,51,Masculino,Doutorado,Casado,1,36,13.5,2,51,0
946,Operações,Analista,10,6136.99,5550.86,44,Outro,Doutorado,Viúvo,0,36,21.8,4,9,0
947,RH,Coordenador,12,6011.13,5473.32,54,Masculino,Graduação,Viúvo,2,40,25.7,2,20,0
948,TI,Gerente,15,6181.41,9052.48,31,Feminino,Ensino Médio,Casado,1,40,27.8,2,18,0
949,TI,Gerente,15,7285.26,10288.6,50,Masculino,Doutorado,Divorciado,3,30,7.8,4,7,1
950,Vendas,Analista,19,5609.39,8106.6,65,Feminino,Mestrado,Solteiro,1,36,24.8,1,16,0
951,TI,Analista,13,6090.18,6497.87,32,Feminino,Mestrado,Divorciado,3,44,9.5,4,38,0
952,Marketing,Coordenador,17,6625.1,6555.89,22,Outro,Ensino Médio,Viúvo,2,44,11.5,3,8,1
953,Operações,Analista,18,6086.88,6499.12,41,Masculino,Pós-graduação,Divorciado,3,40,50.0,1,41,1
954,Operações,Coordenador,5,6410.25,4712.52,42,Masculino,Graduação,Casado,1,40,37.9,4,20,1
955,Operações,Analista,7,5736.85,4020.24,52,Feminino,Ensino Médio,Divorciado,4,30,24.8,3,51,0
956,TI,Assistente,6,4964.87,2954.46,54,Masculino,Ensino Médio,Solteiro,1,36,17.4,3,11,0
957,Vendas,Gerente,13,7535.11,9350.58,57,Outro,Pós-graduação,Divorciado,0,40,25.0,1,6,1
958,Marketing,Gerente,18,7892.62,9480.72,31,Feminino,Pós-graduação,Divorciado,4,44,13.8,3,35,1
959,Vendas,Assistente,14,4549.87,5121.39,43,Masculino,Graduação,Divorciado,0,40,25.2,4,24,1
960,Operações,Assistente,13,4624.51,4239.33,48,Masculino,Graduação,Viúvo,3,30,47.4,1,11,1
961,RH,Analista,20,5542.95,5715.13,47,Masculino,Graduação,Divorciado,3,40,33.3,3,51,1
962,Operações,Gerente,14,6589.4,8357.7,47,Feminino,Pós-graduação,Divorciado,5,40,15.4,4,21,1
963,TI,Assistente,5,5074.03,2967.93,43,Feminino,Doutorado,Solteiro,0,44,7.5,1,12,0
964,TI,Gerente,14,7378.93,7843.9,32,Outro,Ensino Médio,Solteiro,0,40,6.3,2,40,0
965,RH,Gerente,2,7529.11,6303.9,28,Masculino,Pós-graduação,Divorciado,0,44,35.5,2,60,1
966,Operações,Coordenador,12,5506.24,7052.51,25,Outro,Pós-graduação,Divorciado,0,44,22.3,1,16,1
967,Marketing,Gerente,1,7688.87,6210.93,34,Feminino,Ensino Médio,Solteiro,0,40,38.9,1,10,1
968,TI,Assistente,9,5274.18,3844.18,41,Masculino,Ensino Médio,Divorciado,2,44,20.5,4,55,0
969,Operações,Coordenador,7,6068.53,5578.27,60,Feminino,Mestrado,Casado,0,40,17.4,4,42,0
970,RH,Assistente,14,4789.53,4841.61,41,Outro,Mestrado,Viúvo,3,36,5.8,3,41,1
971,Financeiro,Coordenador,7,5120.52,5154.98,58,Masculino,Graduação,Casado,3,40,19.0,2,35,0
972,Financeiro,Analista,14,5596.47,5991.93,57,Outro,Doutorado,Casado,3,40,15.2,4,41,1
973,Vendas,Assistente,20,4712.53,6014.56,57,Feminino,Pós-graduação,Solteiro,2,40,36.7,2,36,1
974,Financeiro,Assistente,12,4986.98,4567.33,65,Outro,Graduação,Divorciado,3,36,14.2,3,49,0
975,TI,Assistente,7,4822.25,3283.5,19,Outro,Mestrado,Casado,0,30,36.4,4,37,0
976,TI,Gerente,18,8259.16,10918.76,50,Masculino,Ensino Médio,Viúvo,4,36,11.6,1,55,0
977,TI,Assistente,8,4761.87,4125.9,40,Feminino,Ensino Médio,Divorciado,3,40,25.3,4,53,1
978,Vendas,Gerente,12,7916.48,7475.69,59,Outro,Pós-graduação,Casado,0,44,41.2,2,2,0
979,Operações,Analista,5,5407.21,3918.96,58,Outro,Pós-graduação,Viúvo,3,44,29.2,2,39,0
980,Operações,Assistente,3,5070.96,2672.36,30,Masculino,Pós-graduação,Casado,2,40,35.6,2,29,0
981,RH,Assistente,18,4661.88,7374.91,53,Feminino,Pós-graduação,Solteiro,4,36,41.6,3,42,0
982,Financeiro,Gerente,8,7473.06,7570.72,49,Feminino,Mestrado,Solteiro,3,44,30.9,2,40,1
983,RH,Gerente,3,7655.22,6313.96,44,Feminino,Mestrado,Viúvo,4,30,11.4,1,49,0
984,Marketing,Gerente,14,7475.14,10098.91,63,Outro,Graduação,Solteiro,0,36,29.5,3,44,0
985,TI,Coordenador,5,6675.5,4942.8,54,Feminino,Doutorado,Casado,3,44,12.9,3,7,0
986,Financeiro,Assistente,18,4893.02,5959.69,35,Outro,Doutorado,Viúvo,1,30,19.3,2,14,0
987,TI,Assistente,6,5038.09,3528.82,52,Masculino,Mestrado,Viúvo,0,30,9.6,4,47,1
988,Vendas,Assistente,15,4773.93,5777.93,31,Outro,Graduação,Solteiro,4,36,40.2,3,58,1
989,Financeiro,Gerente,15,7499.78,7618.17,39,Outro,Pós-graduação,Viúvo,2,44,36.7,1,10,0
990,Marketing,Analista,11,5420.61,4738.92,50,Outro,Pós-graduação,Solteiro,5,30,30.7,1,53,1
991,Financeiro,Assistente,7,4590.24,3649.02,61,Masculino,Ensino Médio,Casado,0,40,19.9,1,10,1
992,Vendas,Gerente,16,6772.37,8934.01,21,Feminino,Ensino Médio,Solteiro,3,40,2.6,1,57,1
993,Financeiro,Coordenador,15,6007.44,7864.31,58,Masculino,Graduação,Viúvo,1,40,39.6,4,47,1
994,TI,Analista,8,5361.02,5239.2,26,Masculino,Pós-graduação,Casado,2,30,20.6,2,24,0
995,Marketing,Gerente,15,7699.98,9854.79,60,Feminino,Pós-graduação,Divorciado,2,36,21.4,2,50,0
996,Marketing,Gerente,6,8650.87,7031.24,28,Outro,Ensino Médio,Solteiro,2,36,29.3,3,24,1
997,Financeiro,Gerente,0,6660.84,6000.0,61,Outro,Ensino Médio,Divorciado,3,40,45.5,4,40,0
998,Financeiro,Assistente,12,4601.78,3520.17,42,Outro,Doutorado,Viúvo,5,44,20.6,4,57,0
999,Vendas,Coordenador,8,6477.11,5266.42,64,Masculino,Graduação,Casado,0,36,40.2,4,44,0
1000,Marketing,Analista,10,5791.82,4003.1,55,Feminino,Pós-graduação,Casado,0,40,32.4,4,43,0
